Customer_ID,last_order,first_order,orders,monetary,profit,segment,region,recency_days,recency_weeks,R,F,M,RFM_Score,Segment
1,2021-06-16,2021-06-16,1,2424.39,673.55,Corporate,West,1294,184,1,1,1,111,Lost
2,2024-12-25,2021-01-08,26,30541.27,7808.44,Consumer,East,6,0,5,4,4,544,Champions
3,2022-04-04,2022-04-04,1,405.59000000000003,154.28000000000003,Small Business,East,1002,143,1,1,1,111,Lost
4,2024-11-02,2021-01-17,21,48957.64,8620.94,Home Office,Central,59,8,3,4,4,344,Loyal Customers
5,2024-10-17,2021-10-13,19,50349.1,8393.44,Home Office,Central,75,10,3,4,4,344,Loyal Customers
6,2024-12-22,2021-01-10,69,171539.26,42980.75,Corporate,Central,9,1,5,5,5,555,Champions
7,2024-12-31,2021-01-22,47,115793.53,28368.85,Corporate,South,0,0,5,5,5,555,Champions
8,2024-12-24,2021-01-06,44,64348.16,17395.89,Corporate,West,7,1,5,5,5,555,Champions
9,2024-12-16,2021-01-14,30,68237.87,19335.05,Corporate,West,15,2,4,4,5,445,Champions
11,2023-08-16,2021-02-06,4,13937.81,2775.66,Corporate,West,503,71,1,2,3,123,Lost
12,2024-12-08,2021-10-12,6,4861.37,1050.66,Consumer,East,23,3,4,2,2,422,Promising
13,2022-12-11,2021-01-12,4,10877.73,3461.38,Corporate,East,751,107,1,2,2,122,Lost
14,2024-03-03,2023-09-07,3,2211.9900000000002,532.72,Consumer,West,303,43,1,1,1,111,Lost
15,2022-06-07,2022-06-07,1,443.28000000000003,169.98,Consumer,Central,938,134,1,1,1,111,Lost
16,2024-07-14,2021-08-11,8,13897.05,3708.56,Consumer,East,170,24,2,2,3,223,Lost
17,2024-12-26,2022-01-26,8,23909.76,3123.64,Corporate,West,5,0,5,2,3,523,Potential Loyalists
18,2022-08-26,2022-08-26,1,1999.59,494.49,Consumer,Central,858,122,1,1,1,111,Lost
19,2022-03-30,2022-03-30,1,951.75,221.75,Small Business,Central,1007,143,1,1,1,111,Lost
20,2024-09-29,2021-07-10,18,38337.91,10265.12,Corporate,South,93,13,2,4,4,244,Can't Lose
21,2024-12-18,2021-02-19,43,78296.99,16461.13,Consumer,South,13,1,4,5,5,455,Champions
22,2024-06-27,2024-05-18,2,3636.45,1152.64,Corporate,Central,187,26,2,1,1,211,Lost
23,2024-10-25,2021-11-16,3,3288.71,1035.47,Consumer,East,67,9,3,1,1,311,Hibernating
24,2024-05-27,2021-02-18,5,5069.04,1150.2,Small Business,West,218,31,2,2,2,222,Lost
25,2024-05-27,2021-06-22,5,7098.68,1877.76,Corporate,Central,218,31,2,2,2,222,Lost
26,2024-10-15,2021-09-24,9,10384.84,3943.3700000000003,Home Office,East,77,11,2,3,2,232,Lost
27,2024-12-14,2021-01-29,29,34344.95,8511.04,Consumer,East,17,2,4,4,4,444,Champions
28,2024-12-13,2021-03-08,39,97758.18,23441.86,Corporate,East,18,2,4,5,5,455,Champions
29,2024-12-02,2021-02-01,32,91949.93,24761.39,Corporate,West,29,4,4,5,5,455,Champions
30,2024-11-07,2021-05-13,4,1867.5900000000001,547.2,Small Business,West,54,7,3,2,1,321,Hibernating
31,2024-11-21,2021-05-05,15,28752.95,6750.72,Corporate,East,40,5,3,3,4,334,Promising
32,2024-12-25,2021-03-02,63,140434.76,32834.44,Corporate,South,6,0,5,5,5,555,Champions
33,2024-09-26,2022-09-18,7,16321.52,4600.95,Consumer,South,96,13,2,2,3,223,Lost
34,2024-11-18,2024-03-07,3,1581.0,427.74,Consumer,East,43,6,3,1,1,311,Hibernating
35,2024-11-28,2021-03-11,27,59192.68,14785.63,Corporate,South,33,4,3,4,4,344,Loyal Customers
36,2024-07-01,2021-02-06,13,43895.97,11215.05,Corporate,East,183,26,2,3,4,234,At Risk
37,2021-05-19,2021-05-19,1,10.82,4.12,Consumer,South,1322,188,1,1,1,111,Lost
38,2022-12-20,2021-03-28,3,5926.2699999999995,1769.37,Home Office,South,742,106,1,1,2,112,Lost
39,2024-12-18,2021-01-01,33,76453.73,18363.17,Small Business,East,13,1,4,5,5,455,Champions
42,2024-12-23,2021-01-01,34,60955.7,15172.3,Consumer,South,8,1,5,5,4,554,Champions
43,2024-10-12,2021-12-15,4,5944.9400000000005,2140.26,Home Office,South,80,11,2,2,2,222,Lost
45,2024-08-14,2021-04-12,11,7090.08,1374.44,Home Office,East,139,19,2,3,2,232,Lost
46,2024-04-24,2021-11-23,3,4548.07,1163.95,Home Office,South,251,35,2,1,2,212,Lost
47,2021-05-25,2021-05-25,1,2260.13,-84.16,Home Office,Central,1316,188,1,1,1,111,Lost
48,2024-03-22,2021-01-21,22,38909.36,8573.1,Consumer,Central,284,40,1,4,4,144,Can't Lose
49,2024-11-15,2021-08-19,12,19675.32,6402.13,Small Business,West,46,6,3,3,3,333,Promising
50,2024-10-15,2021-01-09,6,2758.22,940.04,Consumer,West,77,11,2,2,1,221,Lost
52,2024-12-22,2021-03-09,18,30570.34,8771.539999999999,Corporate,Central,9,1,5,4,4,544,Champions
53,2024-12-29,2021-01-07,13,15631.27,3446.95,Consumer,East,2,0,5,3,3,533,Potential Loyalists
54,2024-08-29,2021-02-28,11,15699.7,4409.05,Home Office,Central,124,17,2,3,3,233,At Risk
55,2023-11-05,2021-03-19,13,17946.26,5352.42,Home Office,South,422,60,1,3,3,133,At Risk
57,2024-03-15,2024-03-15,1,11168.890000000001,2343.11,Small Business,West,291,41,1,1,2,112,Lost
58,2024-05-02,2022-05-10,3,4930.1900000000005,1544.46,Consumer,West,243,34,2,1,2,212,Lost
59,2024-12-30,2021-01-17,141,412021.15,96291.69,Corporate,South,1,0,5,5,5,555,Champions
60,2024-09-24,2021-01-22,17,27151.5,7572.95,Consumer,Central,98,14,2,4,4,244,Can't Lose
61,2024-12-12,2022-03-04,11,17924.21,3864.88,Small Business,West,19,2,4,3,3,433,Potential Loyalists
62,2024-05-26,2022-06-04,2,5787.43,1740.07,Consumer,East,219,31,2,1,2,212,Lost
63,2024-08-05,2022-05-26,4,1975.7599999999998,480.40999999999997,Consumer,East,148,21,2,2,1,221,Lost
64,2024-12-29,2021-02-05,37,94023.43,20857.18,Corporate,West,2,0,5,5,5,555,Champions
65,2024-12-06,2021-07-11,22,39239.520000000004,9633.51,Small Business,South,25,3,4,4,4,444,Champions
66,2024-11-20,2021-04-01,35,81211.74,19656.88,Small Business,Central,41,5,3,5,5,355,Loyal Customers
67,2023-07-01,2022-06-20,2,4391.1,1046.47,Home Office,East,549,78,1,1,2,112,Lost
68,2024-12-21,2021-04-23,13,20806.04,6351.56,Small Business,South,10,1,5,3,3,533,Potential Loyalists
69,2024-12-15,2021-01-12,56,156694.11,40550.99,Small Business,West,16,2,4,5,5,455,Champions
70,2024-11-23,2021-02-17,17,52570.09,11652.02,Corporate,South,38,5,3,4,4,344,Loyal Customers
71,2022-03-30,2021-10-28,2,2004.11,663.12,Consumer,East,1007,143,1,1,1,111,Lost
72,2024-11-02,2021-03-07,45,55504.47,14593.57,Home Office,Central,59,8,3,5,4,354,Loyal Customers
73,2024-08-29,2021-05-13,3,794.24,257.98,Home Office,South,124,17,2,1,1,211,Lost
74,2024-08-25,2021-01-22,12,8043.34,1949.8,Consumer,East,128,18,2,3,2,232,Lost
75,2024-08-28,2021-11-14,4,6860.4,1352.84,Consumer,Central,125,17,2,2,2,222,Lost
76,2024-11-28,2021-08-27,14,18646.36,4378.69,Home Office,South,33,4,3,3,3,333,Promising
77,2024-01-09,2021-12-02,2,3962.2699999999995,1385.22,Consumer,East,357,51,1,1,2,112,Lost
78,2024-12-31,2021-01-11,32,78774.79,16623.74,Small Business,East,0,0,5,5,5,555,Champions
79,2024-11-11,2021-08-12,8,18009.24,2935.7400000000002,Consumer,Central,50,7,3,2,3,323,Promising
80,2024-11-22,2021-08-17,20,41385.369999999995,10285.18,Consumer,West,39,5,3,4,4,344,Loyal Customers
81,2024-09-17,2021-11-14,6,6502.4400000000005,2361.68,Home Office,East,105,15,2,2,2,222,Lost
82,2024-12-04,2024-12-04,1,3332.8,874.34,Consumer,West,27,3,4,1,1,411,New Customers
84,2024-12-29,2021-02-04,64,142619.76,36542.77,Corporate,West,2,0,5,5,5,555,Champions
85,2024-06-27,2021-10-02,2,2776.0299999999997,407.19,Small Business,West,187,26,2,1,1,211,Lost
86,2022-12-19,2022-12-19,1,915.53,-3.6400000000000006,Consumer,South,743,106,1,1,1,111,Lost
88,2024-10-17,2021-01-10,45,93912.56,20092.47,Home Office,South,75,10,3,5,5,355,Loyal Customers
89,2024-12-18,2021-05-30,4,5560.04,1440.53,Small Business,West,13,1,4,2,2,422,Promising
90,2024-12-06,2021-06-19,22,51022.48,12061.61,Corporate,South,25,3,4,4,4,444,Champions
92,2024-12-13,2021-01-06,35,46873.08,11184.56,Consumer,East,18,2,4,5,4,454,Champions
94,2024-12-03,2021-04-05,43,42526.38,10551.6,Consumer,West,28,4,4,5,4,454,Champions
95,2024-12-28,2021-01-22,47,81956.11,22607.66,Home Office,East,3,0,5,5,5,555,Champions
96,2024-08-24,2021-01-21,5,7792.16,2099.34,Consumer,East,129,18,2,2,2,222,Lost
97,2024-11-20,2021-03-29,12,43103.04,10639.25,Corporate,Central,41,5,3,3,4,334,Promising
98,2023-06-18,2021-03-10,3,695.03,278.15999999999997,Home Office,East,562,80,1,1,1,111,Lost
99,2024-12-16,2021-03-23,32,85003.08,18120.25,Corporate,West,15,2,4,5,5,455,Champions
100,2024-04-15,2022-01-28,3,3152.7000000000003,556.17,Consumer,East,260,37,2,1,1,211,Lost
101,2024-12-08,2021-11-05,21,34737.450000000004,8186.52,Home Office,West,23,3,4,4,4,444,Champions
102,2024-12-13,2021-03-16,25,44709.19,10175.41,Home Office,West,18,2,4,4,4,444,Champions
103,2024-12-31,2021-01-24,27,43244.65,11553.72,Home Office,West,0,0,5,4,4,544,Champions
104,2023-08-23,2023-08-23,1,3281.75,878.85,Consumer,West,496,70,1,1,1,111,Lost
105,2024-12-22,2021-06-09,15,16004.99,4268.93,Consumer,East,9,1,5,3,3,533,Potential Loyalists
106,2024-12-30,2021-01-05,99,248369.22,58810.64,Small Business,Central,1,0,5,5,5,555,Champions
107,2021-01-01,2021-01-01,1,748.11,235.95,Consumer,West,1460,208,1,1,1,111,Lost
108,2023-11-05,2023-05-21,2,1520.43,526.55,Consumer,Central,422,60,1,1,1,111,Lost
109,2024-12-29,2021-01-09,102,239372.74,58041.07,Corporate,East,2,0,5,5,5,555,Champions
110,2024-11-24,2021-10-15,14,21495.89,7443.66,Home Office,East,37,5,3,3,3,333,Promising
111,2024-10-17,2021-02-01,33,63993.19,17388.95,Small Business,East,75,10,3,5,5,355,Loyal Customers
112,2024-12-21,2021-08-04,18,18744.14,4965.96,Consumer,West,10,1,5,4,3,543,Potential Loyalists
114,2021-01-03,2021-01-03,1,1099.27,345.13,Consumer,South,1458,208,1,1,1,111,Lost
115,2024-12-27,2021-01-01,42,116650.87,26476.8,Corporate,West,4,0,5,5,5,555,Champions
116,2024-12-28,2021-02-23,133,331712.41,74432.77,Corporate,West,3,0,5,5,5,555,Champions
117,2024-12-23,2021-04-18,40,52078.74,15343.75,Consumer,Central,8,1,5,5,4,554,Champions
118,2022-03-08,2021-05-13,3,6166.900000000001,1484.02,Consumer,East,1029,147,1,1,2,112,Lost
119,2024-12-30,2021-01-13,176,423118.8,105847.07,Corporate,West,1,0,5,5,5,555,Champions
120,2024-10-30,2023-02-14,3,6242.11,1799.4,Small Business,West,62,8,3,1,2,312,Hibernating
121,2024-12-19,2021-03-26,33,85953.54,21513.52,Corporate,West,12,1,4,5,5,455,Champions
122,2024-12-17,2021-04-02,13,29076.52,6547.83,Small Business,East,14,2,4,3,4,434,Potential Loyalists
123,2024-12-19,2021-04-12,41,63731.28,10828.369999999999,Home Office,South,12,1,4,5,5,455,Champions
124,2024-12-30,2021-02-20,77,164210.39,44326.48,Corporate,South,1,0,5,5,5,555,Champions
125,2024-11-26,2021-01-30,14,18927.84,5993.93,Home Office,East,35,5,3,3,3,333,Promising
126,2024-06-08,2022-03-23,2,1173.02,409.12,Consumer,Central,206,29,2,1,1,211,Lost
127,2023-09-10,2021-04-25,7,19908.73,5120.2699999999995,Consumer,Central,478,68,1,2,3,123,Lost
128,2023-12-08,2021-01-07,7,7345.75,2145.83,Home Office,West,389,55,1,2,2,122,Lost
129,2024-12-25,2021-01-30,32,44176.36,9047.8,Home Office,South,6,0,5,5,4,554,Champions
130,2024-12-23,2022-01-21,2,1698.68,647.08,Consumer,Central,8,1,5,1,1,511,New Customers
131,2024-12-28,2021-02-20,129,297538.79,69653.97,Corporate,South,3,0,5,5,5,555,Champions
133,2024-12-28,2021-01-05,57,123365.15,28098.72,Small Business,East,3,0,5,5,5,555,Champions
134,2024-12-31,2021-01-22,71,184003.65,49103.75,Corporate,West,0,0,5,5,5,555,Champions
135,2024-10-24,2021-06-10,33,97072.88,22580.3,Corporate,West,68,9,3,5,5,355,Loyal Customers
136,2022-05-15,2022-05-15,1,1847.62,339.7,Consumer,East,961,137,1,1,1,111,Lost
137,2022-11-19,2022-11-19,1,953.34,172.21,Corporate,West,773,110,1,1,1,111,Lost
138,2024-03-12,2023-03-30,3,3625.22,1142.3899999999999,Home Office,South,294,42,1,1,1,111,Lost
139,2024-09-05,2021-03-30,16,19221.64,6267.49,Small Business,East,117,16,2,4,3,243,At Risk
140,2024-09-25,2021-06-30,30,87592.33,16995.65,Corporate,West,97,13,2,4,5,245,Can't Lose
141,2022-08-25,2021-05-13,3,1749.5,373.12,Consumer,South,859,122,1,1,1,111,Lost
142,2022-08-10,2021-09-11,4,3655.0099999999998,1105.45,Consumer,West,874,124,1,2,1,121,Lost
143,2024-12-13,2021-01-28,15,19807.94,6064.52,Home Office,West,18,2,4,3,3,433,Potential Loyalists
144,2024-12-06,2021-03-16,23,26673.68,7887.21,Home Office,South,25,3,4,4,4,444,Champions
145,2024-11-01,2022-08-16,3,2216.55,621.4599999999999,Consumer,West,60,8,3,1,1,311,Hibernating
146,2024-11-07,2021-02-07,41,64119.08,14238.86,Consumer,East,54,7,3,5,5,355,Loyal Customers
147,2022-12-24,2021-10-15,2,2816.2200000000003,553.53,Corporate,East,738,105,1,1,1,111,Lost
148,2024-12-16,2021-04-12,21,20206.82,3960.79,Consumer,South,15,2,4,4,3,443,Potential Loyalists
149,2024-11-06,2022-03-01,6,12184.2,3130.32,Home Office,East,55,7,3,2,3,323,Promising
150,2024-11-02,2022-07-15,13,18139.7,2099.54,Consumer,West,59,8,3,3,3,333,Promising
151,2023-06-13,2021-03-03,10,9617.6,2005.7,Consumer,East,567,81,1,3,2,132,Lost
152,2024-12-02,2021-01-30,61,137225.07,34066.5,Small Business,West,29,4,4,5,5,455,Champions
154,2024-12-10,2021-10-10,3,13135.320000000002,1961.63,Consumer,West,21,3,4,1,3,413,Potential Loyalists
155,2023-04-17,2021-12-13,4,1187.89,422.15,Consumer,South,624,89,1,2,1,121,Lost
156,2024-12-26,2021-08-16,19,39558.79,6177.54,Consumer,East,5,0,5,4,4,544,Champions
157,2024-05-06,2024-05-06,1,758.53,284.11,Consumer,West,239,34,2,1,1,211,Lost
158,2024-10-18,2021-04-03,24,29707.45,7495.4800000000005,Consumer,South,74,10,3,4,4,344,Loyal Customers
159,2024-12-22,2022-03-11,4,1726.72,524.21,Consumer,West,9,1,5,2,1,521,Promising
160,2024-04-18,2021-08-20,9,9957.289999999999,2552.5099999999998,Consumer,West,257,36,2,3,2,232,Lost
161,2024-12-29,2021-01-07,101,234772.38999999998,60792.340000000004,Corporate,South,2,0,5,5,5,555,Champions
162,2024-02-24,2021-09-22,4,6316.21,1580.31,Home Office,West,311,44,1,2,2,122,Lost
163,2024-09-05,2021-01-01,26,24279.26,7751.54,Consumer,West,117,16,2,4,3,243,At Risk
165,2024-09-26,2021-07-25,7,14636.81,3833.27,Corporate,East,96,13,2,2,3,223,Lost
166,2024-12-16,2021-05-11,28,48494.48,12388.19,Small Business,West,15,2,4,4,4,444,Champions
167,2024-12-21,2021-02-15,28,67514.06,17844.87,Small Business,East,10,1,5,4,5,545,Champions
168,2024-10-03,2021-09-05,8,3465.95,1042.06,Consumer,West,89,12,2,2,1,221,Lost
169,2024-04-02,2021-02-07,6,11548.11,2588.87,Consumer,East,273,39,1,2,2,122,Lost
170,2022-10-27,2021-06-17,3,2864.42,1108.01,Consumer,Central,796,113,1,1,1,111,Lost
171,2024-12-26,2024-12-26,1,2756.8999999999996,693.5,Consumer,East,5,0,5,1,1,511,New Customers
172,2024-12-27,2021-03-13,84,237746.78,60785.64,Corporate,Central,4,0,5,5,5,555,Champions
173,2024-12-19,2021-01-06,310,857086.79,204914.84,Corporate,East,12,1,4,5,5,455,Champions
174,2024-05-05,2024-05-05,1,381.90000000000003,95.64,Consumer,West,240,34,2,1,1,211,Lost
175,2024-06-09,2021-03-09,14,16863.32,4638.72,Consumer,West,205,29,2,3,3,233,At Risk
176,2024-09-10,2021-03-02,20,78046.47,13252.17,Corporate,Central,112,16,2,4,5,245,Can't Lose
177,2024-05-13,2021-08-01,12,14803.08,2886.61,Consumer,West,232,33,2,3,3,233,At Risk
178,2024-11-11,2021-01-07,23,33301.07,6885.96,Home Office,West,50,7,3,4,4,344,Loyal Customers
179,2022-01-20,2022-01-20,1,379.54,106.74,Consumer,South,1076,153,1,1,1,111,Lost
180,2024-12-23,2021-02-19,50,96820.83,21563.99,Small Business,West,8,1,5,5,5,555,Champions
181,2024-12-10,2021-08-25,8,7252.37,2367.62,Consumer,East,21,3,4,2,2,422,Promising
182,2024-12-06,2021-02-19,36,69107.35,17279.9,Home Office,South,25,3,4,5,5,455,Champions
183,2024-06-18,2021-09-29,5,9396.74,2328.44,Small Business,West,196,28,2,2,2,222,Lost
184,2024-11-30,2021-05-19,7,22504.45,2995.77,Small Business,East,31,4,3,2,3,323,Promising
185,2024-12-08,2021-01-02,23,31774.76,9422.210000000001,Home Office,West,23,3,4,4,4,444,Champions
187,2024-12-28,2021-01-11,96,240439.83,56662.98,Corporate,East,3,0,5,5,5,555,Champions
188,2024-11-26,2022-08-01,4,3468.88,773.23,Home Office,Central,35,5,3,2,1,321,Hibernating
189,2024-07-04,2023-08-19,4,4622.33,586.84,Consumer,East,180,25,2,2,2,222,Lost
190,2024-08-20,2021-01-23,18,29958.5,6977.75,Corporate,South,133,19,2,4,4,244,Can't Lose
191,2024-11-05,2021-10-06,8,31818.8,6454.400000000001,Corporate,South,56,8,3,2,4,324,Promising
192,2024-09-01,2021-04-07,4,4373.35,1342.16,Small Business,Central,121,17,2,2,2,222,Lost
193,2024-12-16,2021-01-25,73,167263.4,41315.71,Corporate,Central,15,2,4,5,5,455,Champions
194,2024-11-09,2021-05-23,27,27208.96,6258.57,Consumer,Central,52,7,3,4,4,344,Loyal Customers
195,2024-12-25,2021-06-21,29,85403.7,20931.85,Corporate,South,6,0,5,4,5,545,Champions
196,2024-12-26,2021-04-01,9,10748.15,2985.23,Consumer,West,5,0,5,3,2,532,Potential Loyalists
197,2024-09-25,2021-02-07,19,24270.04,5121.03,Consumer,East,97,13,2,4,3,243,At Risk
198,2024-12-28,2021-10-25,20,47137.08,12594.8,Corporate,West,3,0,5,4,4,544,Champions
199,2024-12-29,2021-01-19,81,193682.13999999998,44460.92,Corporate,West,2,0,5,5,5,555,Champions
200,2024-12-25,2021-08-05,8,6332.1900000000005,2361.19,Consumer,East,6,0,5,2,2,522,Promising
201,2021-08-31,2021-02-15,2,1218.33,532.74,Consumer,Central,1218,174,1,1,1,111,Lost
203,2023-08-19,2023-08-19,1,58.44,23.38,Consumer,South,500,71,1,1,1,111,Lost
204,2024-12-03,2021-02-11,34,47617.26,13025.949999999999,Consumer,East,28,4,4,5,4,454,Champions
205,2024-08-23,2021-01-02,21,45347.9,11318.1,Home Office,East,130,18,2,4,4,244,Can't Lose
207,2024-12-28,2021-01-08,34,66006.75,15332.31,Small Business,East,3,0,5,5,5,555,Champions
209,2024-05-07,2021-02-17,12,18261.51,5600.85,Corporate,East,238,34,2,3,3,233,At Risk
210,2023-05-09,2023-05-09,1,318.11,143.07999999999998,Consumer,West,602,86,1,1,1,111,Lost
211,2024-08-17,2023-04-24,6,16391.61,3699.97,Corporate,East,136,19,2,2,3,223,Lost
212,2024-12-04,2021-01-08,49,74942.84,18888.69,Home Office,West,27,3,4,5,5,455,Champions
213,2024-11-07,2021-02-24,12,14554.15,3702.22,Home Office,West,54,7,3,3,3,333,Promising
214,2024-11-11,2022-10-16,3,8230.28,2054.39,Home Office,West,50,7,3,1,2,312,Hibernating
215,2024-12-16,2021-05-15,27,65022.479999999996,16714.510000000002,Corporate,West,15,2,4,4,5,445,Champions
216,2024-12-25,2021-01-12,107,262238.18,63905.82,Corporate,East,6,0,5,5,5,555,Champions
217,2024-08-11,2024-01-27,2,2830.11,403.71999999999997,Consumer,East,142,20,2,1,1,211,Lost
218,2024-12-03,2022-05-25,4,1714.54,241.32999999999998,Home Office,East,28,4,4,2,1,421,Promising
219,2022-12-30,2022-12-30,1,620.97,299.27000000000004,Consumer,Central,732,104,1,1,1,111,Lost
220,2024-10-09,2021-02-06,9,17780.420000000002,4176.8099999999995,Home Office,South,83,11,2,3,3,233,At Risk
221,2024-10-30,2021-01-05,36,76193.92,20600.3,Small Business,South,62,8,3,5,5,355,Loyal Customers
222,2023-11-19,2023-11-19,1,1386.1599999999999,349.89,Consumer,West,408,58,1,1,1,111,Lost
223,2024-05-26,2021-01-21,7,11761.68,3962.21,Corporate,West,219,31,2,2,2,222,Lost
224,2024-12-23,2021-01-18,42,66636.97,11928.81,Consumer,West,8,1,5,5,5,555,Champions
225,2024-12-19,2021-06-14,12,33468.520000000004,6655.38,Home Office,South,12,1,4,3,4,434,Potential Loyalists
226,2023-08-25,2021-04-12,4,1152.9,336.96000000000004,Consumer,Central,494,70,1,2,1,121,Lost
227,2024-12-13,2021-08-11,7,13725.26,4264.57,Small Business,South,18,2,4,2,3,423,Potential Loyalists
228,2024-12-31,2023-09-24,2,1248.7800000000002,-23.47999999999999,Consumer,South,0,0,5,1,1,511,New Customers
229,2024-12-31,2021-02-04,25,62670.75,18334.94,Small Business,West,0,0,5,4,4,544,Champions
230,2024-11-06,2021-01-03,33,60948.12,12780.41,Home Office,South,55,7,3,5,4,354,Loyal Customers
231,2024-06-26,2021-08-26,7,15181.16,4035.6400000000003,Corporate,South,188,26,2,2,3,223,Lost
233,2024-12-01,2021-01-06,20,30009.15,8482.99,Home Office,South,30,4,3,4,4,344,Loyal Customers
234,2024-12-22,2021-01-23,48,144182.17,33962.17,Small Business,East,9,1,5,5,5,555,Champions
235,2022-11-06,2022-05-09,3,1371.45,446.78999999999996,Consumer,South,786,112,1,1,1,111,Lost
236,2024-06-19,2021-09-12,5,21275.6,4815.37,Corporate,South,195,27,2,2,3,223,Lost
237,2024-12-02,2021-02-21,6,4056.89,1088.8,Consumer,East,29,4,4,2,2,422,Promising
238,2024-12-21,2021-01-20,50,138228.45,37725.63,Corporate,Central,10,1,5,5,5,555,Champions
239,2021-02-04,2021-02-04,1,75.7,23.14,Consumer,East,1426,203,1,1,1,111,Lost
240,2024-11-13,2021-10-11,7,14783.54,3550.64,Corporate,South,48,6,3,2,3,323,Promising
241,2024-12-01,2021-02-05,48,130774.42,31863.69,Corporate,South,30,4,3,5,5,355,Loyal Customers
242,2024-11-17,2021-01-14,22,66065.53,14350.78,Corporate,Central,44,6,3,4,5,345,Loyal Customers
243,2024-12-18,2021-01-31,58,131225.78,37011.25,Corporate,South,13,1,4,5,5,455,Champions
244,2024-11-13,2021-04-10,10,17238.67,4625.28,Home Office,East,48,6,3,3,3,333,Promising
245,2024-12-11,2021-04-26,41,62040.06,12212.61,Home Office,West,20,2,4,5,4,454,Champions
246,2024-12-16,2021-12-09,8,19019.86,6059.16,Corporate,West,15,2,4,2,3,423,Potential Loyalists
247,2024-12-02,2021-02-10,29,63874.06,13329.81,Corporate,East,29,4,4,4,5,445,Champions
248,2023-11-15,2022-03-22,6,13103.48,4562.09,Small Business,West,412,58,1,2,3,123,Lost
249,2024-12-24,2021-05-17,20,33303.979999999996,7702.9800000000005,Consumer,East,7,1,5,4,4,544,Champions
250,2024-09-11,2022-10-07,5,19478.97,2740.9700000000003,Consumer,West,111,15,2,2,3,223,Lost
251,2024-12-17,2021-01-28,38,47885.32,10342.16,Consumer,West,14,2,4,5,4,454,Champions
252,2024-11-04,2021-10-04,12,16887.71,4030.05,Home Office,South,57,8,3,3,3,333,Promising
253,2024-12-31,2021-01-07,101,253258.13,63764.64,Corporate,East,0,0,5,5,5,555,Champions
254,2024-10-24,2021-05-03,5,6660.64,2034.0500000000002,Home Office,South,68,9,3,2,2,322,Hibernating
255,2024-02-22,2022-02-20,4,6527.37,2093.49,Home Office,West,313,44,1,2,2,122,Lost
256,2024-11-07,2022-12-23,3,1211.51,435.14,Consumer,West,54,7,3,1,1,311,Hibernating
257,2024-12-22,2021-01-23,102,226275.45,60334.6,Small Business,West,9,1,5,5,5,555,Champions
258,2024-12-29,2021-08-08,21,33430.63,6341.45,Home Office,West,2,0,5,4,4,544,Champions
259,2024-11-06,2021-01-26,12,18759.59,3844.14,Consumer,East,55,7,3,3,3,333,Promising
260,2024-12-18,2021-06-10,5,2549.3199999999997,972.83,Consumer,West,13,1,4,2,1,421,Promising
261,2024-04-03,2024-04-03,1,595.24,161.53,Consumer,East,272,38,2,1,1,211,Lost
262,2024-11-30,2021-03-14,10,27023.46,5624.67,Consumer,West,31,4,3,3,4,334,Promising
264,2024-03-18,2021-09-10,3,2999.51,955.96,Small Business,West,288,41,1,1,1,111,Lost
265,2024-10-14,2021-03-16,30,88344.67,20636.52,Corporate,South,78,11,2,4,5,245,Can't Lose
268,2024-09-15,2021-01-05,17,36393.84,7475.39,Corporate,South,107,15,2,4,4,244,Can't Lose
269,2021-10-17,2021-10-17,1,8877.050000000001,1489.0300000000002,Small Business,South,1171,167,1,1,2,112,Lost
270,2024-12-27,2021-03-20,38,52838.340000000004,13497.6,Home Office,South,4,0,5,5,4,554,Champions
271,2024-12-29,2021-02-02,72,182467.94,42525.04,Corporate,East,2,0,5,5,5,555,Champions
272,2024-12-07,2021-03-04,15,10166.12,2927.16,Consumer,West,24,3,4,3,2,432,Potential Loyalists
273,2024-10-27,2021-01-10,18,33142.51,8430.0,Small Business,East,65,9,3,4,4,344,Loyal Customers
274,2023-12-22,2021-12-28,2,1047.52,41.3,Home Office,South,375,53,1,1,1,111,Lost
275,2024-12-16,2021-02-26,27,66948.26,14681.71,Small Business,Central,15,2,4,4,5,445,Champions
276,2024-12-24,2021-04-11,15,22697.47,2326.14,Consumer,East,7,1,5,3,3,533,Potential Loyalists
277,2024-12-21,2021-01-10,27,79152.36,18093.23,Small Business,South,10,1,5,4,5,545,Champions
278,2021-12-19,2021-12-19,1,2845.7799999999997,1066.35,Corporate,East,1108,158,1,1,1,111,Lost
280,2024-05-09,2021-01-24,21,59770.95,13564.55,Corporate,Central,236,33,2,4,4,244,Can't Lose
281,2024-12-23,2021-01-18,27,42766.98,6153.09,Home Office,East,8,1,5,4,4,544,Champions
282,2023-12-09,2023-12-09,1,1071.1999999999998,346.22,Consumer,Central,388,55,1,1,1,111,Lost
283,2024-12-25,2021-01-23,83,253467.3,50810.42,Corporate,South,6,0,5,5,5,555,Champions
284,2024-11-09,2021-04-14,29,45230.27,10003.21,Home Office,East,52,7,3,4,4,344,Loyal Customers
285,2024-06-11,2021-09-09,10,9294.42,3300.7,Consumer,West,203,29,2,3,2,232,Lost
286,2024-12-14,2022-11-09,2,7209.9800000000005,1386.79,Corporate,East,17,2,4,1,2,412,New Customers
287,2024-10-29,2022-03-08,7,20462.670000000002,5168.84,Corporate,Central,63,9,3,2,3,323,Promising
289,2024-12-23,2021-03-10,34,72161.76,19234.2,Small Business,South,8,1,5,5,5,555,Champions
290,2022-05-20,2021-08-27,2,2183.85,886.5999999999999,Home Office,South,956,136,1,1,1,111,Lost
292,2024-11-15,2021-11-17,9,10788.73,3237.36,Small Business,West,46,6,3,3,2,332,Promising
293,2024-09-20,2021-06-21,34,81459.12,16011.2,Small Business,Central,102,14,2,5,5,255,Can't Lose
295,2024-12-26,2021-01-08,32,59148.18,11894.449999999999,Home Office,West,5,0,5,5,4,554,Champions
296,2024-12-21,2021-03-05,25,38503.77,8462.98,Consumer,East,10,1,5,4,4,544,Champions
297,2024-12-04,2021-12-24,23,51144.23,13731.98,Small Business,East,27,3,4,4,4,444,Champions
298,2021-11-17,2021-11-17,1,512.2,248.77,Home Office,South,1140,162,1,1,1,111,Lost
299,2024-07-15,2022-03-22,8,18147.99,2853.04,Home Office,West,169,24,2,2,3,223,Lost
300,2022-08-01,2022-01-23,2,2264.71,677.39,Consumer,South,883,126,1,1,1,111,Lost
301,2024-12-07,2021-05-02,29,66205.97,14669.880000000001,Small Business,West,24,3,4,4,5,445,Champions
302,2024-10-15,2021-10-26,6,5226.9400000000005,1757.81,Consumer,South,77,11,2,2,2,222,Lost
303,2024-08-08,2024-08-08,1,148.5,37.59,Consumer,East,145,20,2,1,1,211,Lost
304,2023-12-23,2021-08-16,4,7858.2,1707.4,Consumer,East,374,53,1,2,2,122,Lost
306,2024-12-13,2021-05-16,10,13445.33,4164.18,Consumer,South,18,2,4,3,3,433,Potential Loyalists
307,2024-12-19,2021-01-01,41,85418.35,21467.18,Small Business,West,12,1,4,5,5,455,Champions
308,2022-11-03,2022-04-03,3,14347.080000000002,3105.5,Home Office,West,789,112,1,1,3,113,Lost
310,2023-07-18,2021-04-15,2,1881.53,606.4100000000001,Consumer,West,532,76,1,1,1,111,Lost
311,2023-12-27,2021-03-28,4,1173.84,178.62,Consumer,East,370,52,1,2,1,121,Lost
313,2024-12-10,2021-01-29,38,68220.23,16123.9,Home Office,East,21,3,4,5,5,455,Champions
314,2022-08-06,2022-05-06,2,474.31,101.32000000000001,Consumer,Central,878,125,1,1,1,111,Lost
316,2024-09-10,2024-09-10,1,38.91,17.12,Consumer,East,112,16,2,1,1,211,Lost
317,2024-12-15,2021-03-22,22,20207.739999999998,4785.64,Home Office,Central,16,2,4,4,3,443,Potential Loyalists
318,2024-11-20,2021-01-03,23,68043.13,16094.96,Small Business,West,41,5,3,4,5,345,Loyal Customers
319,2024-12-05,2021-01-09,13,22022.54,7507.68,Home Office,Central,26,3,4,3,3,433,Potential Loyalists
320,2024-12-29,2021-01-08,59,114970.49,29339.15,Home Office,East,2,0,5,5,5,555,Champions
321,2024-12-25,2021-01-26,43,95835.71,19412.05,Home Office,South,6,0,5,5,5,555,Champions
322,2024-11-13,2021-01-20,17,20627.31,4912.55,Consumer,Central,48,6,3,4,3,343,Promising
323,2023-12-29,2022-02-27,6,10751.98,2621.0,Consumer,South,368,52,1,2,2,122,Lost
324,2022-02-10,2022-02-10,1,4192.63,1191.07,Consumer,East,1055,150,1,1,2,112,Lost
325,2024-12-11,2021-01-17,41,85577.84,23589.670000000002,Corporate,West,20,2,4,5,5,455,Champions
326,2024-12-22,2021-03-08,16,14917.37,3327.2400000000002,Home Office,West,9,1,5,4,3,543,Potential Loyalists
327,2024-12-03,2021-03-23,22,64459.6,12906.02,Corporate,West,28,4,4,4,5,445,Champions
328,2024-12-24,2024-12-24,1,197.35,48.870000000000005,Small Business,West,7,1,5,1,1,511,New Customers
329,2024-08-22,2022-01-11,3,1169.3,414.21000000000004,Consumer,East,131,18,2,1,1,211,Lost
330,2024-04-19,2021-06-14,7,6571.3,1130.85,Home Office,West,256,36,2,2,2,222,Lost
331,2024-12-18,2021-08-30,21,22596.08,7007.120000000001,Consumer,East,13,1,4,4,3,443,Potential Loyalists
333,2024-12-25,2021-05-03,31,56073.99,10073.57,Home Office,East,6,0,5,4,4,544,Champions
334,2024-12-30,2021-01-31,62,146467.0,35292.92,Small Business,East,1,0,5,5,5,555,Champions
335,2024-12-18,2021-05-14,48,114919.38,27364.23,Corporate,Central,13,1,4,5,5,455,Champions
336,2024-12-08,2021-06-14,17,33420.78,7517.21,Consumer,West,23,3,4,4,4,444,Champions
337,2023-09-20,2023-06-06,2,5305.89,692.0,Corporate,West,468,66,1,1,2,112,Lost
338,2023-03-05,2023-03-05,1,3097.6,1091.16,Consumer,West,667,95,1,1,1,111,Lost
340,2023-03-06,2022-08-15,2,482.9,152.75,Home Office,West,666,95,1,1,1,111,Lost
341,2023-12-13,2022-09-26,4,1736.75,397.20000000000005,Consumer,Central,384,54,1,2,1,121,Lost
342,2022-07-13,2022-07-13,1,33.02,9.58,Consumer,South,902,128,1,1,1,111,Lost
343,2024-12-18,2021-03-04,8,4653.54,1434.44,Consumer,West,13,1,4,2,2,422,Promising
344,2024-09-24,2021-02-12,21,64643.25,12759.72,Small Business,South,98,14,2,4,5,245,Can't Lose
345,2024-12-02,2021-01-10,78,212938.28,51702.01,Corporate,South,29,4,4,5,5,455,Champions
346,2024-09-25,2021-04-15,4,4365.04,989.7700000000001,Home Office,East,97,13,2,2,2,222,Lost
347,2024-12-10,2021-01-09,57,140150.46,28849.57,Corporate,West,21,3,4,5,5,455,Champions
348,2024-09-06,2021-11-14,2,3890.19,1123.11,Corporate,Central,116,16,2,1,2,212,Lost
349,2024-12-20,2021-01-28,19,22403.07,5036.91,Consumer,South,11,1,4,4,3,443,Potential Loyalists
351,2024-12-15,2021-06-10,7,10700.25,1999.15,Consumer,East,16,2,4,2,2,422,Promising
353,2022-03-28,2022-03-28,1,5545.8,-1774.8,Home Office,East,1009,144,1,1,2,112,Lost
354,2024-12-06,2021-03-06,31,79524.89,18282.57,Corporate,Central,25,3,4,4,5,445,Champions
355,2024-12-20,2021-01-26,8,17999.99,5316.6900000000005,Small Business,West,11,1,4,2,3,423,Potential Loyalists
356,2024-12-15,2021-02-03,36,35161.08,8636.55,Consumer,Central,16,2,4,5,4,454,Champions
357,2024-05-08,2021-05-29,5,13075.78,3170.85,Corporate,South,237,33,2,2,3,223,Lost
358,2024-11-29,2021-03-16,14,21134.54,6328.78,Corporate,Central,32,4,3,3,3,333,Promising
359,2024-12-06,2021-07-08,10,18387.11,5047.67,Corporate,Central,25,3,4,3,3,433,Potential Loyalists
360,2024-03-18,2021-08-13,2,2301.46,871.1,Consumer,Central,288,41,1,1,1,111,Lost
361,2024-11-08,2023-07-16,5,2701.3,1055.87,Consumer,South,53,7,3,2,1,321,Hibernating
363,2024-12-23,2021-12-17,10,5769.33,1409.25,Consumer,East,8,1,5,3,2,532,Potential Loyalists
364,2024-12-18,2021-03-07,62,159449.94,37892.03,Corporate,West,13,1,4,5,5,455,Champions
365,2024-11-21,2021-01-02,9,21068.28,4215.68,Corporate,East,40,5,3,3,3,333,Promising
366,2024-12-06,2021-12-23,13,18287.76,5348.860000000001,Corporate,South,25,3,4,3,3,433,Potential Loyalists
368,2024-12-29,2021-01-11,65,162849.86,35123.32,Corporate,West,2,0,5,5,5,555,Champions
370,2024-11-04,2021-02-02,21,38469.46,11521.15,Corporate,West,57,8,3,4,4,344,Loyal Customers
371,2024-04-01,2023-05-03,2,4048.4699999999993,1419.83,Consumer,Central,274,39,1,1,2,112,Lost
372,2024-06-03,2023-12-20,2,1841.1100000000001,516.3599999999999,Consumer,East,211,30,2,1,1,211,Lost
373,2023-08-01,2022-09-26,3,7838.669999999999,2559.34,Corporate,East,518,74,1,1,2,112,Lost
374,2024-11-29,2021-01-20,105,238138.38,57544.69,Corporate,South,32,4,3,5,5,355,Loyal Customers
375,2022-12-01,2022-12-01,1,287.92,55.64,Consumer,Central,761,108,1,1,1,111,Lost
376,2024-12-27,2021-02-17,95,253337.86,52002.24,Corporate,East,4,0,5,5,5,555,Champions
377,2024-03-13,2021-11-17,2,3198.91,495.21000000000004,Corporate,West,293,41,1,1,1,111,Lost
378,2024-10-06,2021-11-19,12,11592.28,2977.94,Home Office,South,86,12,2,3,2,232,Lost
379,2024-12-22,2021-12-06,5,13793.73,4199.1900000000005,Corporate,Central,9,1,5,2,3,523,Potential Loyalists
381,2024-10-09,2022-12-29,4,7882.0,375.01,Consumer,West,83,11,2,2,2,222,Lost
383,2024-12-27,2021-01-01,48,153342.73,33397.96,Corporate,East,4,0,5,5,5,555,Champions
384,2024-12-25,2021-02-10,42,79383.35,22777.7,Corporate,Central,6,0,5,5,5,555,Champions
385,2024-12-20,2021-01-04,34,81682.09,17860.29,Corporate,East,11,1,4,5,5,455,Champions
386,2024-12-07,2021-09-21,10,10958.6,3221.72,Consumer,East,24,3,4,3,2,432,Potential Loyalists
387,2024-12-11,2021-01-14,35,82672.64,20971.9,Corporate,Central,20,2,4,5,5,455,Champions
388,2022-12-26,2022-03-06,3,7851.549999999999,1630.48,Home Office,South,736,105,1,1,2,112,Lost
389,2024-12-31,2021-06-14,6,5397.13,1940.54,Small Business,Central,0,0,5,2,2,522,Promising
390,2024-09-30,2021-01-16,40,93830.16,21342.66,Small Business,West,92,13,2,5,5,255,Can't Lose
391,2024-12-21,2021-04-13,56,152290.98,38956.65,Corporate,West,10,1,5,5,5,555,Champions
392,2024-11-26,2021-05-31,8,28073.27,2010.29,Corporate,West,35,5,3,2,4,324,Promising
393,2024-12-28,2021-01-17,24,33573.1,9208.83,Home Office,West,3,0,5,4,4,544,Champions
394,2022-08-01,2021-02-11,2,1841.45,561.97,Consumer,West,883,126,1,1,1,111,Lost
395,2024-12-30,2021-02-07,47,62388.38,11251.59,Home Office,West,1,0,5,5,4,554,Champions
396,2024-12-12,2022-02-08,7,16793.75,4486.62,Corporate,Central,19,2,4,2,3,423,Potential Loyalists
397,2021-03-24,2021-03-24,1,942.09,321.82,Consumer,South,1378,196,1,1,1,111,Lost
398,2024-04-12,2021-03-28,3,2409.41,871.81,Consumer,South,263,37,2,1,1,211,Lost
399,2024-12-21,2021-02-09,52,75236.4,18727.28,Home Office,East,10,1,5,5,5,555,Champions
400,2024-03-11,2021-07-21,2,2131.99,304.87,Consumer,West,295,42,1,1,1,111,Lost
401,2024-10-17,2021-01-13,10,10285.619999999999,3295.32,Consumer,East,75,10,3,3,2,332,Promising
402,2024-11-05,2022-05-02,6,7548.97,2487.41,Consumer,West,56,8,3,2,2,322,Hibernating
403,2024-08-31,2021-11-13,6,11398.88,3378.79,Consumer,West,122,17,2,2,2,222,Lost
405,2024-04-25,2021-05-09,6,7169.280000000001,2463.25,Home Office,Central,250,35,2,2,2,222,Lost
406,2024-11-22,2022-04-01,4,4089.28,1181.13,Consumer,West,39,5,3,2,2,322,Hibernating
407,2024-12-02,2021-02-25,32,44297.58,10639.01,Home Office,South,29,4,4,5,4,454,Champions
408,2024-12-17,2021-05-08,35,78470.49,22200.4,Small Business,East,14,2,4,5,5,455,Champions
409,2023-11-12,2021-10-29,6,5205.64,1401.53,Consumer,East,415,59,1,2,2,122,Lost
410,2023-09-29,2021-12-22,6,7752.62,1888.6499999999999,Consumer,West,459,65,1,2,2,122,Lost
411,2024-10-25,2021-07-08,8,17088.1,4674.12,Corporate,East,67,9,3,2,3,323,Promising
412,2024-11-20,2021-03-12,24,31781.879999999997,5584.66,Consumer,East,41,5,3,4,4,344,Loyal Customers
414,2024-12-07,2021-01-09,34,55018.15,15971.56,Small Business,East,24,3,4,5,4,454,Champions
415,2024-11-10,2021-12-12,9,23477.54,5641.16,Small Business,East,51,7,3,3,3,333,Promising
416,2024-12-05,2021-01-01,64,106311.9,27211.4,Home Office,West,26,3,4,5,5,455,Champions
417,2024-09-06,2021-05-30,3,7102.68,1870.8799999999999,Consumer,West,116,16,2,1,2,212,Lost
418,2024-12-25,2021-02-09,27,25669.71,6390.34,Home Office,Central,6,0,5,4,3,543,Potential Loyalists
419,2024-08-23,2021-01-19,4,6603.46,1852.3500000000001,Home Office,West,130,18,2,2,2,222,Lost
420,2024-11-06,2021-08-15,14,27741.09,4502.94,Consumer,South,55,7,3,3,4,334,Promising
421,2024-10-31,2021-06-28,17,44973.58,9848.41,Corporate,East,61,8,3,4,4,344,Loyal Customers
422,2022-10-20,2021-01-11,2,1728.8,804.21,Consumer,West,803,114,1,1,1,111,Lost
423,2024-11-23,2021-05-13,4,3090.21,862.58,Consumer,Central,38,5,3,2,1,321,Hibernating
424,2024-11-07,2021-08-09,8,30145.49,6305.46,Corporate,South,54,7,3,2,4,324,Promising
425,2024-09-28,2024-09-28,1,5175.32,1897.8600000000001,Consumer,West,94,13,2,1,2,212,Lost
426,2024-03-20,2024-03-20,1,2573.34,915.2,Consumer,West,286,40,1,1,1,111,Lost
427,2024-12-16,2021-04-01,27,42222.08,10234.03,Home Office,East,15,2,4,4,4,444,Champions
428,2023-07-15,2021-01-02,5,11560.86,704.3400000000001,Small Business,East,535,76,1,2,2,122,Lost
429,2024-12-14,2021-01-27,40,105960.31,22986.44,Corporate,East,17,2,4,5,5,455,Champions
430,2024-12-28,2021-01-12,13,24626.87,7104.27,Home Office,Central,3,0,5,3,3,533,Potential Loyalists
431,2024-12-27,2021-02-14,45,106697.56999999999,24022.89,Small Business,West,4,0,5,5,5,555,Champions
432,2024-10-27,2024-10-27,1,42.77,12.73,Consumer,Central,65,9,3,1,1,311,Hibernating
433,2024-12-12,2021-01-20,192,520514.97,120690.67,Corporate,East,19,2,4,5,5,455,Champions
434,2024-07-02,2024-07-02,1,193.95,82.75,Consumer,South,182,26,2,1,1,211,Lost
435,2023-10-07,2021-01-09,8,7638.75,1915.31,Consumer,South,451,64,1,2,2,122,Lost
436,2024-10-13,2021-01-16,17,33003.880000000005,8255.08,Home Office,East,79,11,2,4,4,244,Can't Lose
437,2024-12-29,2021-01-10,95,244658.68,59374.96,Corporate,East,2,0,5,5,5,555,Champions
438,2024-12-24,2021-01-10,111,257125.27,63461.65,Corporate,East,7,1,5,5,5,555,Champions
439,2024-04-18,2021-07-07,2,3733.2799999999997,875.28,Consumer,South,257,36,2,1,1,211,Lost
440,2023-12-23,2022-07-19,3,2348.69,407.30999999999995,Consumer,East,374,53,1,1,1,111,Lost
441,2024-12-12,2021-02-07,63,145477.1,28993.34,Small Business,West,19,2,4,5,5,455,Champions
442,2024-06-01,2021-05-16,8,6819.24,2251.6099999999997,Consumer,West,213,30,2,2,2,222,Lost
443,2023-06-06,2022-03-29,2,3927.84,1111.29,Consumer,South,574,82,1,1,2,112,Lost
445,2024-11-28,2021-01-17,40,111531.62,24458.3,Corporate,West,33,4,3,5,5,355,Loyal Customers
446,2024-12-31,2021-01-12,26,67970.4,14277.47,Corporate,South,0,0,5,4,5,545,Champions
447,2024-11-11,2021-06-24,3,17873.02,3605.9300000000003,Corporate,East,50,7,3,1,3,313,Promising
448,2024-08-15,2021-07-18,6,7808.06,1420.69,Consumer,South,138,19,2,2,2,222,Lost
449,2024-11-30,2021-12-27,6,2338.3199999999997,822.56,Consumer,East,31,4,3,2,1,321,Hibernating
450,2024-12-03,2021-02-18,20,34170.56,6454.43,Home Office,West,28,4,4,4,4,444,Champions
451,2024-11-14,2021-01-24,20,72821.16,15507.56,Corporate,South,47,6,3,4,5,345,Loyal Customers
452,2024-12-27,2021-04-15,10,22350.59,6008.72,Corporate,Central,4,0,5,3,3,533,Potential Loyalists
453,2024-04-23,2021-02-16,15,36640.45,9675.800000000001,Home Office,Central,252,36,2,3,4,234,At Risk
454,2024-12-01,2021-07-28,16,19120.92,4406.27,Home Office,East,30,4,3,4,3,343,Promising
455,2024-12-17,2021-06-16,13,11774.14,3550.13,Consumer,West,14,2,4,3,2,432,Potential Loyalists
456,2023-06-01,2021-01-17,2,558.4300000000001,201.99,Consumer,West,579,82,1,1,1,111,Lost
457,2023-05-29,2022-06-24,4,12108.52,2634.5,Corporate,West,582,83,1,2,3,123,Lost
458,2024-11-30,2021-02-23,24,33883.47,9420.97,Consumer,West,31,4,3,4,4,344,Loyal Customers
460,2022-06-23,2022-06-23,1,2120.27,735.03,Corporate,West,922,131,1,1,1,111,Lost
461,2021-08-28,2021-08-28,1,4665.76,1456.07,Home Office,East,1221,174,1,1,2,112,Lost
462,2024-09-30,2021-06-30,13,33657.81,4471.84,Small Business,West,92,13,2,3,4,234,At Risk
463,2024-04-11,2021-04-30,7,10807.37,3494.91,Corporate,East,264,37,2,2,2,222,Lost
464,2024-12-16,2021-01-11,42,113845.27,21996.36,Small Business,South,15,2,4,5,5,455,Champions
465,2023-11-23,2022-07-02,2,1400.5600000000002,528.09,Corporate,Central,404,57,1,1,1,111,Lost
466,2024-11-06,2021-02-14,34,109813.47,19723.15,Small Business,East,55,7,3,5,5,355,Loyal Customers
467,2024-12-31,2021-01-19,40,51521.740000000005,10654.46,Consumer,Central,0,0,5,5,4,554,Champions
468,2024-12-12,2021-02-10,65,194649.01,45798.75,Corporate,South,19,2,4,5,5,455,Champions
470,2024-09-15,2021-12-09,4,2936.6,688.33,Consumer,East,107,15,2,2,1,221,Lost
471,2024-11-12,2021-07-01,21,29234.81,8886.3,Consumer,East,49,7,3,4,4,344,Loyal Customers
472,2024-05-06,2021-03-18,17,31695.9,7969.28,Small Business,East,239,34,2,4,4,244,Can't Lose
473,2024-12-18,2021-05-14,46,132511.32,28465.73,Corporate,Central,13,1,4,5,5,455,Champions
474,2024-12-05,2021-11-19,11,14721.08,5064.84,Consumer,South,26,3,4,3,3,433,Potential Loyalists
475,2024-03-12,2023-05-24,2,1358.44,509.43,Consumer,East,294,42,1,1,1,111,Lost
476,2023-06-25,2021-08-25,4,9292.44,2856.27,Consumer,Central,555,79,1,2,2,122,Lost
477,2024-11-18,2022-02-06,4,1995.3100000000002,468.31,Consumer,East,43,6,3,2,1,321,Hibernating
478,2024-12-28,2021-03-16,13,34077.63,6371.97,Small Business,Central,3,0,5,3,4,534,Potential Loyalists
479,2024-11-19,2021-05-23,14,19815.07,5175.99,Corporate,Central,42,6,3,3,3,333,Promising
480,2024-12-19,2021-07-04,24,24849.86,6393.32,Consumer,West,12,1,4,4,3,443,Potential Loyalists
481,2024-12-22,2021-05-25,18,54683.85,11696.550000000001,Corporate,East,9,1,5,4,4,544,Champions
482,2023-12-11,2021-09-01,6,9324.03,2760.1000000000004,Consumer,Central,386,55,1,2,2,122,Lost
483,2024-12-02,2021-09-10,15,27905.55,6307.85,Consumer,South,29,4,4,3,4,434,Potential Loyalists
484,2024-03-11,2022-06-13,5,13546.53,3512.59,Home Office,East,295,42,1,2,3,123,Lost
485,2024-12-28,2021-04-21,33,99685.22,22126.83,Corporate,East,3,0,5,5,5,555,Champions
486,2022-02-24,2022-01-19,2,2842.09,818.4200000000001,Small Business,East,1041,148,1,1,1,111,Lost
487,2024-12-07,2021-01-03,36,70657.12,19026.95,Corporate,West,24,3,4,5,5,455,Champions
488,2024-12-28,2021-01-07,41,106936.59,25184.75,Corporate,Central,3,0,5,5,5,555,Champions
489,2024-01-01,2021-02-28,9,13328.67,3221.17,Home Office,South,365,52,1,3,3,133,At Risk
490,2024-12-27,2021-01-06,31,59482.01,13291.89,Small Business,Central,4,0,5,4,4,544,Champions
491,2024-02-02,2021-08-26,4,4928.32,991.36,Home Office,South,333,47,1,2,2,122,Lost
492,2024-12-25,2021-03-07,79,170676.09,39446.41,Small Business,South,6,0,5,5,5,555,Champions
493,2024-12-30,2021-03-23,60,111746.56,25804.36,Home Office,East,1,0,5,5,5,555,Champions
494,2024-11-01,2021-05-25,10,14127.449999999999,4228.63,Small Business,West,60,8,3,3,3,333,Promising
496,2024-12-20,2021-01-01,29,52835.42,14792.22,Home Office,West,11,1,4,4,4,444,Champions
497,2024-12-16,2021-01-13,97,266428.6,65271.1,Corporate,South,15,2,4,5,5,455,Champions
498,2024-12-03,2021-01-19,54,139182.21,33836.88,Corporate,Central,28,4,4,5,5,455,Champions
499,2024-11-22,2023-03-30,4,7287.85,1461.76,Home Office,South,39,5,3,2,2,322,Hibernating
501,2024-09-24,2021-03-09,20,44424.18,7470.22,Small Business,West,98,14,2,4,4,244,Can't Lose
502,2024-05-13,2024-05-13,1,2402.01,740.89,Consumer,West,232,33,2,1,1,211,Lost
503,2024-12-09,2021-01-10,20,49270.39,13027.72,Home Office,East,22,3,4,4,4,444,Champions
504,2024-11-12,2021-03-14,9,14804.6,3845.98,Home Office,East,49,7,3,3,3,333,Promising
505,2024-09-18,2022-11-10,4,6261.2,2071.35,Consumer,West,104,14,2,2,2,222,Lost
506,2024-09-16,2021-06-24,12,21732.64,6577.69,Consumer,East,106,15,2,3,3,233,At Risk
508,2023-03-09,2021-07-14,4,6985.07,1465.79,Home Office,East,663,94,1,2,2,122,Lost
509,2024-10-05,2021-01-05,31,52387.45,14286.039999999999,Corporate,East,87,12,2,4,4,244,Can't Lose
510,2024-12-08,2021-03-16,77,176701.06,40625.19,Small Business,Central,23,3,4,5,5,455,Champions
511,2024-11-27,2021-01-15,24,53086.43,13928.8,Corporate,East,34,4,3,4,4,344,Loyal Customers
512,2024-12-26,2021-11-19,19,40163.7,11027.18,Small Business,South,5,0,5,4,4,544,Champions
513,2024-11-14,2021-01-25,10,25245.41,6150.92,Corporate,Central,47,6,3,3,3,333,Promising
514,2024-10-20,2021-04-07,17,21677.920000000002,6727.56,Home Office,East,72,10,3,4,3,343,Promising
515,2024-12-25,2021-01-20,12,15434.51,2855.45,Consumer,Central,6,0,5,3,3,533,Potential Loyalists
516,2024-12-29,2021-05-28,26,74684.49,17995.55,Corporate,Central,2,0,5,4,5,545,Champions
517,2024-12-28,2021-02-01,23,22938.61,7078.82,Home Office,Central,3,0,5,4,3,543,Potential Loyalists
518,2024-10-06,2024-10-06,1,4316.79,612.45,Small Business,South,86,12,2,1,2,212,Lost
519,2024-04-12,2021-08-27,6,8137.08,2188.08,Home Office,Central,263,37,2,2,2,222,Lost
520,2024-11-26,2021-01-09,13,25033.37,4820.3,Consumer,Central,35,5,3,3,3,333,Promising
522,2024-12-20,2022-11-19,5,20401.05,3176.78,Consumer,Central,11,1,4,2,3,423,Potential Loyalists
524,2024-05-23,2021-05-21,6,4396.89,1751.76,Home Office,Central,222,31,2,2,2,222,Lost
525,2024-09-25,2022-05-30,6,3407.42,1149.93,Home Office,Central,97,13,2,2,1,221,Lost
528,2024-10-26,2021-05-28,6,2424.0499999999997,650.41,Home Office,South,66,9,3,2,1,321,Hibernating
529,2024-10-20,2021-05-28,9,5071.28,1848.51,Home Office,East,72,10,3,3,2,332,Promising
530,2024-11-29,2021-03-11,22,27135.69,7057.77,Consumer,East,32,4,3,4,4,344,Loyal Customers
532,2023-02-25,2023-02-25,1,1574.84,547.02,Corporate,West,675,96,1,1,1,111,Lost
533,2024-12-26,2021-04-27,19,35627.340000000004,2423.3700000000003,Small Business,West,5,0,5,4,4,544,Champions
534,2023-10-03,2023-10-03,1,917.0899999999999,210.77,Consumer,East,455,65,1,1,1,111,Lost
535,2024-10-24,2021-11-19,4,15169.27,4347.18,Corporate,West,68,9,3,2,3,323,Promising
536,2023-12-24,2023-12-24,1,5229.61,1912.4099999999999,Home Office,Central,373,53,1,1,2,112,Lost
537,2024-12-04,2021-05-23,18,14607.289999999999,2666.41,Consumer,Central,27,3,4,4,3,443,Potential Loyalists
538,2024-12-27,2021-01-25,87,236562.16,53470.340000000004,Corporate,Central,4,0,5,5,5,555,Champions
539,2024-12-31,2021-07-29,9,23761.17,5399.33,Small Business,Central,0,0,5,3,3,533,Potential Loyalists
540,2024-11-30,2024-08-29,2,4515.38,831.34,Home Office,Central,31,4,3,1,2,312,Hibernating
542,2024-09-20,2021-03-10,10,16521.239999999998,4282.7,Small Business,Central,102,14,2,3,3,233,At Risk
543,2023-04-29,2022-03-17,2,401.26,100.21000000000001,Consumer,West,612,87,1,1,1,111,Lost
544,2024-10-13,2021-07-29,5,6057.45,2111.77,Small Business,Central,79,11,2,2,2,222,Lost
545,2024-07-05,2021-12-11,5,9450.48,2587.22,Consumer,East,179,25,2,2,2,222,Lost
546,2023-12-16,2022-04-25,3,8853.45,2471.83,Corporate,West,381,54,1,1,2,112,Lost
547,2024-12-17,2021-06-21,10,8386.79,2666.67,Consumer,West,14,2,4,3,2,432,Potential Loyalists
548,2024-04-20,2024-04-20,1,26.27,6.77,Consumer,South,255,36,2,1,1,211,Lost
549,2024-11-10,2021-04-18,25,47546.93,12717.01,Small Business,Central,51,7,3,4,4,344,Loyal Customers
550,2024-01-18,2021-10-23,7,11938.89,2894.23,Consumer,East,348,49,1,2,3,123,Lost
551,2024-12-27,2021-02-01,57,60166.12,15949.93,Consumer,Central,4,0,5,5,4,554,Champions
552,2024-07-08,2021-06-06,10,17593.29,3760.64,Consumer,East,176,25,2,3,3,233,At Risk
553,2024-12-11,2021-01-08,51,71785.79000000001,17185.94,Home Office,Central,20,2,4,5,5,455,Champions
554,2024-12-17,2021-08-28,13,23557.53,6151.98,Home Office,South,14,2,4,3,3,433,Potential Loyalists
555,2024-12-29,2021-03-10,19,46951.74,12478.19,Small Business,Central,2,0,5,4,4,544,Champions
556,2024-11-25,2021-01-04,24,21444.96,4479.22,Consumer,Central,36,5,3,4,3,343,Promising
557,2024-11-26,2024-11-26,1,980.4,287.21,Corporate,West,35,5,3,1,1,311,Hibernating
559,2024-12-27,2021-02-19,11,17210.7,5402.34,Corporate,South,4,0,5,3,3,533,Potential Loyalists
561,2024-06-25,2021-08-28,19,18259.04,4806.37,Home Office,West,189,27,2,4,3,243,At Risk
562,2024-05-13,2021-04-22,2,2256.86,692.49,Corporate,West,232,33,2,1,1,211,Lost
563,2024-10-28,2021-07-17,7,8671.029999999999,2402.67,Consumer,East,64,9,3,2,2,322,Hibernating
564,2024-11-04,2021-03-11,12,33222.51,8637.52,Small Business,East,57,8,3,3,4,334,Promising
565,2024-12-30,2021-03-07,51,127175.33,31831.079999999998,Corporate,East,1,0,5,5,5,555,Champions
566,2021-11-07,2021-10-29,2,175.2,24.96,Consumer,West,1150,164,1,1,1,111,Lost
567,2024-12-30,2022-04-08,11,16322.36,1852.7200000000003,Consumer,South,1,0,5,3,3,533,Potential Loyalists
568,2024-03-26,2022-11-10,4,3288.57,353.82,Consumer,West,280,40,1,2,1,121,Lost
569,2024-11-22,2021-01-26,2,2021.0300000000002,728.54,Consumer,East,39,5,3,1,1,311,Hibernating
570,2022-11-09,2022-11-09,1,279.52,108.88,Consumer,East,783,111,1,1,1,111,Lost
571,2024-08-03,2021-01-16,24,63143.51,12513.6,Corporate,West,150,21,2,4,5,245,Can't Lose
572,2024-11-27,2021-05-02,23,50296.939999999995,12935.43,Corporate,South,34,4,3,4,4,344,Loyal Customers
573,2023-12-26,2021-05-09,4,2726.04,915.89,Consumer,West,371,53,1,2,1,121,Lost
574,2024-12-22,2021-02-04,56,177176.39,44197.55,Corporate,South,9,1,5,5,5,555,Champions
575,2022-09-04,2022-09-04,1,1692.0999999999997,434.51,Small Business,South,849,121,1,1,1,111,Lost
576,2024-02-02,2024-02-02,1,1048.53,377.1,Home Office,East,333,47,1,1,1,111,Lost
577,2024-09-03,2022-01-20,8,13322.35,2797.9,Corporate,Central,119,17,2,2,3,223,Lost
578,2024-12-26,2021-02-01,39,55430.77,8531.74,Consumer,South,5,0,5,5,4,554,Champions
579,2024-12-06,2023-12-21,3,6811.07,1956.01,Small Business,West,25,3,4,1,2,412,Promising
580,2024-09-19,2024-09-19,1,338.88,129.16,Consumer,East,103,14,2,1,1,211,Lost
581,2024-12-22,2021-01-22,31,39249.68,9950.26,Consumer,South,9,1,5,4,4,544,Champions
582,2024-12-28,2021-05-29,36,94514.21,18490.55,Small Business,South,3,0,5,5,5,555,Champions
583,2024-12-25,2021-03-27,13,38616.54,9220.16,Corporate,West,6,0,5,3,4,534,Potential Loyalists
584,2024-12-23,2021-09-05,19,22949.93,6893.74,Home Office,West,8,1,5,4,3,543,Potential Loyalists
585,2024-12-12,2021-01-14,73,206190.15,45667.35,Corporate,East,19,2,4,5,5,455,Champions
586,2024-07-19,2021-03-26,10,30152.879999999997,6200.51,Home Office,South,165,23,2,3,4,234,At Risk
587,2024-09-30,2021-12-02,6,4579.11,1125.13,Consumer,West,92,13,2,2,2,222,Lost
588,2024-09-09,2023-01-12,4,2047.25,621.7800000000001,Consumer,East,113,16,2,2,1,221,Lost
589,2024-11-14,2021-01-22,30,38887.68,6278.37,Consumer,Central,47,6,3,4,4,344,Loyal Customers
590,2023-08-04,2023-01-29,2,2876.96,727.63,Consumer,South,515,73,1,1,1,111,Lost
591,2024-08-17,2021-02-08,13,20513.97,5059.84,Small Business,South,136,19,2,3,3,233,At Risk
592,2022-12-06,2021-03-06,4,5719.87,1643.95,Consumer,West,756,108,1,2,2,122,Lost
593,2024-12-28,2021-01-04,75,208320.07,48271.35,Corporate,East,3,0,5,5,5,555,Champions
594,2024-12-29,2021-01-04,85,162235.87,34942.9,Home Office,South,2,0,5,5,5,555,Champions
595,2024-09-19,2021-04-03,12,23207.1,5877.06,Home Office,South,103,14,2,3,3,233,At Risk
596,2022-12-30,2021-11-26,5,13486.92,4676.9800000000005,Corporate,West,732,104,1,2,3,123,Lost
597,2024-12-04,2021-05-17,42,120021.93000000001,31708.16,Corporate,Central,27,3,4,5,5,455,Champions
598,2023-05-15,2021-12-30,3,11751.710000000001,2203.67,Small Business,West,596,85,1,1,2,112,Lost
600,2024-11-24,2021-02-05,19,21973.27,3198.46,Home Office,East,37,5,3,4,3,343,Promising
601,2021-07-26,2021-07-26,1,580.34,209.12,Small Business,East,1254,179,1,1,1,111,Lost
603,2024-09-01,2021-08-13,16,13510.14,2380.92,Consumer,South,121,17,2,4,3,243,At Risk
604,2024-08-06,2021-03-12,7,12025.58,2609.7799999999997,Corporate,East,147,21,2,2,3,223,Lost
605,2024-12-06,2022-01-22,8,6363.0599999999995,1788.81,Consumer,East,25,3,4,2,2,422,Promising
606,2024-10-29,2021-11-29,2,578.3299999999999,202.22000000000003,Home Office,West,63,9,3,1,1,311,Hibernating
607,2024-11-12,2021-01-23,12,20801.6,4456.48,Small Business,East,49,7,3,3,3,333,Promising
608,2024-12-25,2021-02-19,59,162927.44,38017.33,Corporate,East,6,0,5,5,5,555,Champions
609,2024-01-13,2022-07-25,5,4865.74,1383.45,Corporate,West,353,50,1,2,2,122,Lost
610,2024-08-25,2022-02-10,4,4212.56,990.74,Consumer,West,128,18,2,2,2,222,Lost
611,2024-11-29,2021-04-23,23,50638.48,10324.880000000001,Small Business,Central,32,4,3,4,4,344,Loyal Customers
612,2024-05-22,2023-09-04,2,1193.64,269.07,Consumer,South,223,31,2,1,1,211,Lost
613,2024-06-13,2021-02-28,13,30397.73,6093.13,Consumer,East,201,28,2,3,4,234,At Risk
614,2024-12-17,2021-01-30,33,56168.67,8991.81,Consumer,South,14,2,4,5,4,454,Champions
615,2024-09-01,2021-05-11,12,18600.04,4571.97,Consumer,South,121,17,2,3,3,233,At Risk
616,2024-12-30,2021-01-06,127,308392.02,76918.09,Corporate,South,1,0,5,5,5,555,Champions
617,2024-01-04,2021-02-13,19,46427.619999999995,11700.119999999999,Corporate,Central,362,51,1,4,4,144,Can't Lose
619,2023-10-29,2022-10-01,2,280.73,64.2,Consumer,Central,429,61,1,1,1,111,Lost
620,2024-12-14,2021-08-09,9,5719.79,1323.67,Consumer,Central,17,2,4,3,2,432,Potential Loyalists
621,2024-09-28,2021-07-26,12,23649.24,6626.71,Consumer,East,94,13,2,3,3,233,At Risk
622,2024-12-05,2021-01-03,64,67152.79,16588.35,Consumer,South,26,3,4,5,5,455,Champions
624,2024-08-30,2021-05-07,20,31403.04,6148.45,Consumer,South,123,17,2,4,4,244,Can't Lose
625,2024-12-28,2023-03-25,3,3563.42,778.0300000000001,Consumer,West,3,0,5,1,1,511,Promising
626,2024-04-22,2023-12-12,2,4553.34,1140.88,Consumer,East,253,36,2,1,2,212,Lost
627,2024-12-10,2021-02-04,28,67120.11,15756.94,Corporate,West,21,3,4,4,5,445,Champions
628,2024-12-29,2021-09-11,11,13869.699999999999,4349.15,Consumer,West,2,0,5,3,3,533,Potential Loyalists
629,2023-10-14,2023-10-14,1,1160.21,532.26,Consumer,West,444,63,1,1,1,111,Lost
630,2024-06-27,2021-03-21,7,18158.89,4499.15,Small Business,West,187,26,2,2,3,223,Lost
631,2024-10-26,2023-08-10,2,7061.51,676.62,Consumer,East,66,9,3,1,2,312,Hibernating
632,2022-06-07,2022-06-07,1,326.79,154.98000000000002,Corporate,West,938,134,1,1,1,111,Lost
633,2024-11-26,2021-03-17,10,21977.95,7293.3,Corporate,West,35,5,3,3,3,333,Promising
634,2024-04-03,2024-04-03,1,130.62,43.32,Consumer,South,272,38,2,1,1,211,Lost
635,2022-07-09,2021-06-18,2,6169.28,2386.31,Corporate,East,906,129,1,1,2,112,Lost
636,2023-09-17,2023-09-17,1,562.17,187.62,Home Office,West,471,67,1,1,1,111,Lost
638,2024-12-27,2021-03-08,30,29156.88,7154.51,Consumer,West,4,0,5,4,4,544,Champions
639,2024-09-14,2022-03-06,3,3138.7200000000003,755.72,Consumer,West,108,15,2,1,1,211,Lost
640,2024-07-09,2024-07-09,1,2081.01,128.51999999999998,Consumer,Central,175,25,2,1,1,211,Lost
641,2024-05-17,2022-12-18,4,14038.26,2208.81,Corporate,South,228,32,2,2,3,223,Lost
642,2023-11-03,2022-04-29,2,2068.83,742.5500000000001,Home Office,West,424,60,1,1,1,111,Lost
643,2024-10-18,2024-10-18,1,755.0699999999999,214.21,Consumer,Central,74,10,3,1,1,311,Hibernating
644,2024-10-03,2024-10-03,1,268.02,93.81,Consumer,East,89,12,2,1,1,211,Lost
645,2024-12-28,2021-05-25,23,52681.14,12967.3,Small Business,East,3,0,5,4,4,544,Champions
647,2022-09-28,2022-09-28,1,8186.299999999999,1842.8200000000002,Corporate,East,825,117,1,1,2,112,Lost
648,2024-12-10,2021-04-26,18,21710.68,4045.3599999999997,Home Office,Central,21,3,4,4,3,443,Potential Loyalists
649,2024-12-28,2021-04-03,7,11009.36,766.3600000000001,Consumer,Central,3,0,5,2,2,522,Promising
650,2024-05-02,2021-04-22,4,9870.68,3103.2,Consumer,Central,243,34,2,2,2,222,Lost
651,2024-11-19,2021-02-27,9,8818.51,1058.03,Consumer,West,42,6,3,3,2,332,Promising
652,2024-12-15,2021-05-30,9,19153.67,5001.69,Small Business,Central,16,2,4,3,3,433,Potential Loyalists
653,2024-07-11,2021-06-29,5,3553.95,820.54,Consumer,West,173,24,2,2,1,221,Lost
654,2024-12-30,2021-01-06,26,35873.52,8175.08,Consumer,East,1,0,5,4,4,544,Champions
655,2024-12-12,2021-08-19,19,39801.88,8552.11,Consumer,East,19,2,4,4,4,444,Champions
656,2024-12-23,2021-02-13,7,9547.619999999999,870.1500000000001,Consumer,Central,8,1,5,2,2,522,Promising
657,2024-12-17,2021-01-07,19,65888.13,14079.41,Corporate,South,14,2,4,4,5,445,Champions
659,2024-12-21,2021-10-23,8,21324.86,4210.47,Corporate,West,10,1,5,2,3,523,Potential Loyalists
660,2024-12-24,2021-02-06,13,24175.079999999998,8529.53,Corporate,Central,7,1,5,3,3,533,Potential Loyalists
661,2024-12-09,2021-08-04,38,59451.03,16282.92,Home Office,South,22,3,4,5,4,454,Champions
662,2024-12-27,2021-05-24,36,60587.9,12153.15,Consumer,West,4,0,5,5,4,554,Champions
663,2024-12-07,2021-01-18,31,50763.67,13813.26,Small Business,Central,24,3,4,4,4,444,Champions
664,2024-11-05,2021-01-22,47,104432.12,25978.260000000002,Corporate,Central,56,8,3,5,5,355,Loyal Customers
665,2023-09-29,2021-03-01,10,12101.78,3328.73,Consumer,South,459,65,1,3,3,133,At Risk
666,2024-12-30,2021-05-15,26,63791.66,11578.61,Home Office,East,1,0,5,4,5,545,Champions
667,2024-10-02,2021-02-28,23,54241.86,13440.54,Small Business,South,90,12,2,4,4,244,Can't Lose
669,2024-12-23,2021-01-06,75,165767.22,38750.22,Small Business,South,8,1,5,5,5,555,Champions
670,2024-11-20,2021-01-10,31,84274.63,19038.87,Corporate,East,41,5,3,4,5,345,Loyal Customers
671,2024-10-10,2021-03-04,42,80886.76,22121.82,Corporate,East,82,11,2,5,5,255,Can't Lose
672,2024-12-11,2021-02-05,19,36569.8,7579.18,Small Business,East,20,2,4,4,4,444,Champions
673,2024-11-11,2021-02-14,13,13237.1,4729.89,Consumer,West,50,7,3,3,3,333,Promising
675,2024-12-25,2021-05-19,6,7157.77,1547.98,Consumer,East,6,0,5,2,2,522,Promising
676,2024-12-30,2021-04-25,29,40449.17,8993.0,Home Office,West,1,0,5,4,4,544,Champions
677,2024-12-31,2021-02-06,43,110134.13,25797.5,Corporate,West,0,0,5,5,5,555,Champions
679,2024-12-06,2021-11-19,11,24997.7,7673.7,Corporate,South,25,3,4,3,3,433,Potential Loyalists
680,2024-09-27,2021-09-23,14,8226.71,1805.01,Consumer,Central,95,13,2,3,2,232,Lost
681,2024-11-18,2021-01-08,24,28199.16,3783.92,Consumer,East,43,6,3,4,4,344,Loyal Customers
682,2022-02-21,2021-08-20,3,2171.95,505.13,Consumer,West,1044,149,1,1,1,111,Lost
683,2024-08-03,2021-05-10,6,2057.87,710.12,Consumer,South,150,21,2,2,1,221,Lost
684,2024-05-10,2023-09-01,2,1172.98,497.79999999999995,Consumer,East,235,33,2,1,1,211,Lost
687,2024-11-05,2022-08-01,2,1067.36,418.32,Home Office,South,56,8,3,1,1,311,Hibernating
688,2024-10-13,2021-01-15,6,9112.57,2306.62,Home Office,West,79,11,2,2,2,222,Lost
689,2024-11-19,2021-01-13,31,44921.8,7976.03,Consumer,Central,42,6,3,4,4,344,Loyal Customers
690,2024-12-30,2021-01-27,21,33333.77,9908.77,Small Business,West,1,0,5,4,4,544,Champions
691,2024-04-03,2021-02-17,18,31073.55,7679.04,Corporate,Central,272,38,2,4,4,244,Can't Lose
692,2024-06-18,2021-11-16,3,3438.17,1051.03,Consumer,East,196,28,2,1,1,211,Lost
693,2023-03-08,2021-03-04,4,5590.24,1272.62,Consumer,East,664,94,1,2,2,122,Lost
694,2024-12-22,2021-02-13,27,54266.2,13344.52,Home Office,Central,9,1,5,4,4,544,Champions
695,2024-09-20,2021-04-08,9,16304.23,1562.09,Consumer,East,102,14,2,3,3,233,At Risk
696,2024-12-04,2021-01-24,20,43502.82,12783.93,Corporate,Central,27,3,4,4,4,444,Champions
698,2021-12-30,2021-11-26,3,2261.4700000000003,689.54,Consumer,South,1097,156,1,1,1,111,Lost
699,2024-04-03,2021-11-26,3,783.23,248.23,Consumer,South,272,38,2,1,1,211,Lost
700,2024-12-30,2021-11-28,10,18702.08,4763.87,Small Business,West,1,0,5,3,3,533,Potential Loyalists
701,2024-12-28,2021-01-24,43,118878.0,27865.170000000002,Corporate,South,3,0,5,5,5,555,Champions
702,2024-11-21,2021-01-10,11,17856.48,3756.21,Consumer,East,40,5,3,3,3,333,Promising
703,2024-11-23,2021-06-11,8,18542.96,5349.21,Small Business,West,38,5,3,2,3,323,Promising
704,2024-11-21,2021-03-25,16,31113.23,7938.01,Small Business,East,40,5,3,4,4,344,Loyal Customers
705,2024-10-25,2021-05-29,7,22600.61,4633.8,Corporate,South,67,9,3,2,3,323,Promising
706,2024-11-12,2021-01-13,27,55532.39,13895.33,Corporate,South,49,7,3,4,4,344,Loyal Customers
708,2023-12-08,2022-04-22,5,1799.82,756.0,Consumer,South,389,55,1,2,1,121,Lost
709,2023-12-19,2022-03-12,4,6939.83,1553.81,Corporate,South,378,54,1,2,2,122,Lost
710,2024-07-03,2021-08-13,9,5490.15,1637.53,Consumer,East,181,25,2,3,2,232,Lost
712,2024-12-19,2021-07-06,15,37829.3,10143.08,Home Office,West,12,1,4,3,4,434,Potential Loyalists
713,2021-07-10,2021-07-10,1,385.31,59.269999999999996,Consumer,West,1270,181,1,1,1,111,Lost
714,2024-12-23,2021-03-07,59,162088.89,38396.93,Corporate,West,8,1,5,5,5,555,Champions
718,2024-05-08,2021-03-11,16,39239.69,7379.84,Corporate,East,237,33,2,4,4,244,Can't Lose
719,2024-12-14,2021-01-18,76,196465.25,42486.2,Corporate,West,17,2,4,5,5,455,Champions
720,2024-12-27,2022-02-17,6,4661.06,1276.52,Consumer,South,4,0,5,2,2,522,Promising
721,2024-09-30,2021-10-03,3,9705.15,2022.58,Home Office,Central,92,13,2,1,2,212,Lost
722,2024-08-01,2021-11-13,17,35993.51,9212.23,Home Office,West,152,21,2,4,4,244,Can't Lose
723,2024-08-17,2022-12-01,3,8199.09,540.51,Corporate,West,136,19,2,1,2,212,Lost
725,2024-12-17,2021-01-17,74,197504.55,44826.340000000004,Small Business,East,14,2,4,5,5,455,Champions
726,2024-12-22,2021-01-26,29,62100.22,14950.73,Corporate,South,9,1,5,4,4,544,Champions
727,2023-04-28,2023-04-28,1,492.36,198.12,Corporate,East,613,87,1,1,1,111,Lost
729,2024-12-28,2021-03-25,42,61966.05,16061.66,Home Office,Central,3,0,5,5,4,554,Champions
730,2024-03-07,2021-03-13,6,11430.6,2900.37,Corporate,West,299,42,1,2,2,122,Lost
731,2024-12-25,2022-02-16,10,22290.88,4154.48,Corporate,South,6,0,5,3,3,533,Potential Loyalists
732,2024-10-14,2024-01-04,3,1452.44,467.59,Consumer,West,78,11,2,1,1,211,Lost
733,2024-08-24,2021-03-23,12,30623.44,8556.4,Small Business,South,129,18,2,3,4,234,At Risk
734,2024-12-18,2021-01-15,29,38437.21,7991.360000000001,Consumer,Central,13,1,4,4,4,444,Champions
736,2024-04-03,2024-04-03,1,774.1800000000001,356.83000000000004,Consumer,Central,272,38,2,1,1,211,Lost
737,2024-12-30,2021-02-01,33,72989.6,17537.45,Small Business,South,1,0,5,5,5,555,Champions
738,2024-10-31,2021-02-11,15,13210.53,3805.63,Consumer,South,61,8,3,3,3,333,Promising
739,2024-11-27,2021-01-12,10,13364.14,3671.5099999999998,Consumer,West,34,4,3,3,3,333,Promising
740,2024-08-30,2021-03-07,18,41289.17,9810.83,Small Business,South,123,17,2,4,4,244,Can't Lose
741,2023-04-09,2021-01-06,6,13863.75,4295.38,Small Business,Central,632,90,1,2,3,123,Lost
742,2024-04-06,2021-01-02,7,1714.44,560.1,Consumer,West,269,38,2,2,1,221,Lost
744,2024-04-24,2021-08-25,7,4132.92,1495.13,Home Office,West,251,35,2,2,2,222,Lost
745,2024-12-19,2021-02-22,20,41539.88,11130.29,Small Business,West,12,1,4,4,4,444,Champions
746,2021-12-12,2021-12-12,1,1143.42,348.39000000000004,Consumer,East,1115,159,1,1,1,111,Lost
747,2024-12-30,2021-02-24,26,55661.31,12159.880000000001,Corporate,East,1,0,5,4,4,544,Champions
748,2024-12-07,2021-01-15,18,39531.95,9920.14,Home Office,South,24,3,4,4,4,444,Champions
749,2024-05-17,2021-11-17,15,27720.16,7455.27,Home Office,West,228,32,2,3,4,234,At Risk
750,2024-12-03,2021-01-18,11,16000.44,3502.2599999999998,Home Office,West,28,4,4,3,3,433,Potential Loyalists
751,2024-09-02,2021-02-07,13,21440.809999999998,5661.34,Corporate,East,120,17,2,3,3,233,At Risk
752,2024-12-17,2021-02-10,30,36890.13,5791.53,Consumer,West,14,2,4,4,4,444,Champions
753,2024-02-15,2021-09-07,3,7993.35,1748.31,Small Business,South,320,45,1,1,2,112,Lost
754,2022-09-01,2022-09-01,1,3543.21,939.0500000000001,Small Business,South,852,121,1,1,1,111,Lost
755,2024-12-22,2021-09-14,7,6244.63,2073.4700000000003,Home Office,East,9,1,5,2,2,522,Promising
757,2024-12-09,2021-01-11,16,20292.07,4916.72,Consumer,West,22,3,4,4,3,443,Potential Loyalists
758,2024-12-29,2022-05-02,10,13035.96,3345.17,Home Office,Central,2,0,5,3,3,533,Potential Loyalists
759,2024-06-25,2021-10-20,5,3796.6,936.88,Consumer,West,189,27,2,2,1,221,Lost
760,2024-12-29,2021-05-13,26,49801.62,13008.11,Small Business,West,2,0,5,4,4,544,Champions
761,2023-09-07,2021-07-31,3,7113.289999999999,1604.17,Consumer,West,481,68,1,1,2,112,Lost
762,2024-12-21,2021-02-07,41,41255.89,12185.32,Home Office,Central,10,1,5,5,4,554,Champions
764,2024-11-20,2021-11-28,17,34644.74,10483.23,Consumer,West,41,5,3,4,4,344,Loyal Customers
765,2024-12-25,2021-06-25,15,23135.46,3496.4300000000003,Consumer,South,6,0,5,3,3,533,Potential Loyalists
766,2024-07-27,2024-07-27,1,2084.21,420.33000000000004,Corporate,Central,157,22,2,1,1,211,Lost
767,2024-11-25,2024-11-21,2,1942.38,505.02000000000004,Corporate,West,36,5,3,1,1,311,Hibernating
768,2024-12-29,2021-03-06,44,123413.03,26333.29,Corporate,South,2,0,5,5,5,555,Champions
769,2024-12-24,2021-01-16,85,217808.85,51729.88,Corporate,South,7,1,5,5,5,555,Champions
770,2024-12-05,2023-12-21,4,5375.35,1104.25,Small Business,East,26,3,4,2,2,422,Promising
771,2024-12-02,2021-04-01,45,107994.83,22527.92,Corporate,Central,29,4,4,5,5,455,Champions
772,2024-12-11,2022-06-09,7,11040.07,3654.96,Consumer,West,20,2,4,2,2,422,Promising
773,2024-12-13,2022-09-28,2,433.71000000000004,162.86,Consumer,Central,18,2,4,1,1,411,New Customers
774,2024-12-15,2021-04-29,14,13540.66,4103.66,Consumer,East,16,2,4,3,3,433,Potential Loyalists
775,2024-11-21,2022-11-19,3,3071.7,597.06,Consumer,Central,40,5,3,1,1,311,Hibernating
776,2024-02-24,2021-03-14,3,2704.63,910.1099999999999,Consumer,East,311,44,1,1,1,111,Lost
777,2024-12-05,2021-01-21,43,81513.17,19795.37,Home Office,West,26,3,4,5,5,455,Champions
778,2024-02-12,2021-10-18,4,4161.0,1085.07,Consumer,South,323,46,1,2,2,122,Lost
779,2024-09-03,2023-10-29,2,2056.08,707.73,Small Business,West,119,17,2,1,1,211,Lost
781,2024-11-12,2021-01-11,38,42087.94,12724.16,Consumer,South,49,7,3,5,4,354,Loyal Customers
782,2024-12-03,2021-04-22,20,31337.33,7113.94,Home Office,South,28,4,4,4,4,444,Champions
783,2024-12-08,2021-01-09,65,138981.38,31212.22,Small Business,East,23,3,4,5,5,455,Champions
784,2023-05-03,2023-05-03,1,3828.76,646.2,Consumer,South,608,86,1,1,1,111,Lost
786,2024-12-03,2021-01-21,32,27945.1,7222.21,Consumer,West,28,4,4,5,4,454,Champions
787,2024-12-30,2021-03-06,53,130858.69,33422.44,Corporate,South,1,0,5,5,5,555,Champions
789,2024-03-26,2024-03-26,1,39.17,14.09,Consumer,West,280,40,1,1,1,111,Lost
790,2024-04-16,2023-04-25,4,3639.62,910.6,Consumer,West,259,37,2,2,1,221,Lost
791,2024-12-26,2021-03-16,49,119929.06999999999,32813.659999999996,Corporate,South,5,0,5,5,5,555,Champions
792,2024-12-20,2021-01-28,98,228371.99,56817.8,Small Business,Central,11,1,4,5,5,455,Champions
793,2024-12-18,2021-06-08,11,19612.57,5974.02,Home Office,West,13,1,4,3,3,433,Potential Loyalists
794,2024-12-20,2021-01-02,28,47263.32,11653.52,Corporate,South,11,1,4,4,4,444,Champions
795,2024-06-28,2021-06-30,11,17917.760000000002,3965.3,Consumer,East,186,26,2,3,3,233,At Risk
796,2024-11-12,2021-02-27,14,33796.15,5357.78,Consumer,East,49,7,3,3,4,334,Promising
797,2024-04-07,2021-06-15,8,14586.73,3292.78,Consumer,Central,268,38,2,2,3,223,Lost
798,2024-04-23,2021-01-10,10,16254.86,3230.87,Home Office,South,252,36,2,3,3,233,At Risk
799,2024-12-30,2021-03-02,22,38674.18,11158.24,Small Business,East,1,0,5,4,4,544,Champions
800,2024-09-05,2021-06-02,7,16043.550000000001,2945.61,Small Business,East,117,16,2,2,3,223,Lost
801,2024-12-20,2021-01-02,72,165331.11,36026.26,Small Business,East,11,1,4,5,5,455,Champions
802,2024-12-24,2021-01-26,28,50364.15,11396.54,Small Business,South,7,1,5,4,4,544,Champions
803,2024-11-29,2021-04-09,13,38914.83,7124.22,Small Business,East,32,4,3,3,4,334,Promising
804,2024-12-01,2021-04-21,27,24868.829999999998,6373.7,Consumer,West,30,4,3,4,3,343,Promising
805,2023-08-27,2021-09-06,4,5142.66,1426.7500000000002,Consumer,South,492,70,1,2,2,122,Lost
806,2024-12-21,2021-03-15,14,17802.68,4295.47,Consumer,East,10,1,5,3,3,533,Potential Loyalists
807,2024-11-08,2021-06-13,4,8883.71,2016.97,Corporate,West,53,7,3,2,2,322,Hibernating
809,2024-07-02,2021-12-01,15,34593.57,9385.25,Home Office,South,182,26,2,3,4,234,At Risk
810,2024-11-24,2021-01-24,88,238397.78,55999.04,Corporate,West,37,5,3,5,5,355,Loyal Customers
811,2023-03-14,2023-03-14,1,2452.09,947.6,Corporate,West,658,94,1,1,1,111,Lost
812,2021-10-04,2021-10-04,1,117.96,-2.24,Consumer,East,1184,169,1,1,1,111,Lost
813,2024-12-13,2021-01-05,12,25728.780000000002,4088.07,Consumer,Central,18,2,4,3,3,433,Potential Loyalists
814,2024-04-28,2024-04-28,1,2233.2,644.1,Consumer,South,247,35,2,1,1,211,Lost
815,2024-08-18,2021-01-27,2,3643.87,944.1199999999999,Small Business,East,135,19,2,1,1,211,Lost
816,2024-10-20,2021-02-14,21,50602.22,12105.94,Corporate,West,72,10,3,4,4,344,Loyal Customers
817,2024-10-01,2021-05-23,19,33711.41,9274.98,Home Office,South,91,13,2,4,4,244,Can't Lose
818,2022-08-25,2022-08-25,1,543.6800000000001,90.08,Consumer,East,859,122,1,1,1,111,Lost
819,2024-12-30,2021-01-28,5,8117.16,2797.4700000000003,Consumer,West,1,0,5,2,2,522,Promising
820,2024-12-04,2021-01-24,16,45198.17,8701.82,Corporate,West,27,3,4,4,4,444,Champions
821,2024-10-21,2021-08-21,5,9415.75,2114.43,Home Office,West,71,10,3,2,2,322,Hibernating
822,2024-10-22,2021-03-04,5,5059.69,1332.59,Home Office,West,70,10,3,2,2,322,Hibernating
824,2024-12-10,2021-06-13,2,2093.87,346.55,Small Business,East,21,3,4,1,1,411,New Customers
825,2024-09-30,2021-05-11,14,11691.51,3614.61,Consumer,West,92,13,2,3,2,232,Lost
826,2024-12-18,2021-04-23,7,19080.97,6310.55,Small Business,Central,13,1,4,2,3,423,Potential Loyalists
827,2024-12-14,2022-02-10,5,5864.8,1372.57,Consumer,West,17,2,4,2,2,422,Promising
828,2024-11-17,2021-08-12,16,20777.63,5003.68,Consumer,East,44,6,3,4,3,343,Promising
829,2024-12-23,2021-03-08,32,53074.26,13542.07,Home Office,South,8,1,5,5,4,554,Champions
830,2024-05-11,2021-01-31,6,2807.94,829.8299999999999,Consumer,East,234,33,2,2,1,221,Lost
831,2024-11-28,2021-06-15,17,26481.15,5787.46,Corporate,Central,33,4,3,4,3,343,Promising
832,2024-10-18,2021-01-19,17,61121.96,13456.52,Corporate,West,74,10,3,4,4,344,Loyal Customers
834,2024-12-18,2021-03-20,25,41630.17,10738.4,Home Office,East,13,1,4,4,4,444,Champions
835,2024-03-06,2021-03-06,8,19872.62,4740.85,Small Business,East,300,42,1,2,3,123,Lost
836,2024-09-17,2021-01-09,7,22947.69,5476.91,Small Business,West,105,15,2,2,3,223,Lost
837,2024-11-13,2021-05-07,9,12793.58,3544.5,Consumer,East,48,6,3,3,3,333,Promising
838,2024-07-16,2021-02-10,12,32646.97,6945.25,Corporate,East,168,24,2,3,4,234,At Risk
839,2023-12-21,2021-08-05,8,7144.99,1744.17,Consumer,Central,376,53,1,2,2,122,Lost
840,2022-01-30,2022-01-30,1,429.20000000000005,132.02,Consumer,South,1066,152,1,1,1,111,Lost
841,2024-12-09,2021-06-18,15,11863.59,3069.32,Consumer,East,22,3,4,3,2,432,Potential Loyalists
842,2024-12-20,2021-01-09,40,77975.98,20961.62,Small Business,South,11,1,4,5,5,455,Champions
843,2024-11-07,2021-01-06,61,148908.87,34755.43,Small Business,South,54,7,3,5,5,355,Loyal Customers
844,2024-12-17,2021-02-20,23,35278.12,7886.3,Home Office,South,14,2,4,4,4,444,Champions
845,2023-11-24,2021-08-31,5,13387.66,3464.54,Corporate,Central,403,57,1,2,3,123,Lost
846,2024-05-27,2022-05-18,3,5071.55,1067.29,Corporate,Central,218,31,2,1,2,212,Lost
847,2024-12-09,2021-01-29,33,60099.93,12147.39,Corporate,West,22,3,4,5,4,454,Champions
849,2024-12-20,2021-01-06,78,179680.39,41829.01,Corporate,South,11,1,4,5,5,455,Champions
850,2024-11-29,2021-01-30,13,13110.29,3091.33,Consumer,East,32,4,3,3,3,333,Promising
851,2024-05-04,2021-05-06,3,3592.32,972.25,Consumer,West,241,34,2,1,1,211,Lost
852,2024-09-25,2021-12-17,10,16879.96,4438.54,Small Business,East,97,13,2,3,3,233,At Risk
853,2024-12-30,2021-07-07,44,120411.68,28038.55,Corporate,South,1,0,5,5,5,555,Champions
854,2024-11-23,2021-04-05,25,52388.93,10588.9,Small Business,West,38,5,3,4,4,344,Loyal Customers
855,2022-02-16,2022-02-16,1,6920.790000000001,2575.19,Consumer,Central,1049,149,1,1,2,112,Lost
856,2024-01-18,2022-11-02,5,21004.93,6332.03,Corporate,South,348,49,1,2,3,123,Lost
857,2024-11-08,2024-11-08,1,1254.3999999999999,62.11,Consumer,South,53,7,3,1,1,311,Hibernating
858,2023-11-14,2021-04-14,4,15973.859999999999,1729.8400000000001,Consumer,East,413,59,1,2,3,123,Lost
859,2023-09-21,2023-05-05,2,1928.2399999999998,703.61,Consumer,South,467,66,1,1,1,111,Lost
860,2024-07-02,2022-12-02,3,7228.4800000000005,1129.08,Consumer,South,182,26,2,1,2,212,Lost
861,2024-12-08,2021-04-04,11,24275.43,5139.06,Small Business,East,23,3,4,3,3,433,Potential Loyalists
862,2024-12-10,2021-02-18,14,37970.6,8284.07,Consumer,Central,21,3,4,3,4,434,Potential Loyalists
863,2024-08-28,2021-03-31,4,5237.07,393.44000000000005,Corporate,West,125,17,2,2,2,222,Lost
864,2024-12-09,2023-08-28,3,2751.74,886.61,Corporate,Central,22,3,4,1,1,411,Promising
865,2024-11-11,2021-02-10,32,121745.37,21177.53,Corporate,West,50,7,3,5,5,355,Loyal Customers
866,2024-12-15,2021-01-21,23,70107.01,17641.01,Corporate,East,16,2,4,4,5,445,Champions
868,2024-12-13,2021-03-07,14,25859.21,6703.69,Small Business,East,18,2,4,3,3,433,Potential Loyalists
869,2024-02-06,2022-02-09,5,5183.48,1277.08,Home Office,East,329,47,1,2,2,122,Lost
870,2023-08-26,2021-07-08,4,7802.27,2084.19,Home Office,Central,493,70,1,2,2,122,Lost
871,2024-09-05,2021-02-09,14,33298.46,6838.16,Corporate,West,117,16,2,3,4,234,At Risk
872,2023-12-19,2023-12-17,2,5270.5,440.35,Consumer,East,378,54,1,1,2,112,Lost
873,2024-12-26,2021-01-20,142,292157.0,60180.6,Small Business,Central,5,0,5,5,5,555,Champions
874,2024-06-07,2021-04-02,7,6270.54,1763.4,Consumer,Central,207,29,2,2,2,222,Lost
875,2024-10-27,2021-07-11,6,9166.52,2391.88,Consumer,West,65,9,3,2,2,322,Hibernating
876,2023-03-19,2021-10-30,3,2917.17,861.6999999999999,Consumer,South,653,93,1,1,1,111,Lost
877,2024-12-07,2021-01-10,33,52481.93,12501.15,Home Office,West,24,3,4,5,4,454,Champions
878,2024-12-21,2021-02-11,45,116269.46,30640.83,Corporate,South,10,1,5,5,5,555,Champions
879,2024-12-05,2021-03-03,10,18793.1,5204.15,Home Office,East,26,3,4,3,3,433,Potential Loyalists
880,2024-11-27,2022-04-09,8,8087.69,2704.66,Home Office,Central,34,4,3,2,2,322,Hibernating
881,2024-06-03,2021-09-21,5,8379.58,1870.9699999999998,Consumer,South,211,30,2,2,2,222,Lost
882,2024-08-03,2021-11-13,8,20611.579999999998,5277.42,Small Business,South,150,21,2,2,3,223,Lost
883,2024-12-26,2022-04-12,7,10600.13,2025.88,Corporate,West,5,0,5,2,2,522,Promising
884,2024-10-16,2021-02-19,20,30304.98,9619.2,Corporate,Central,76,10,3,4,4,344,Loyal Customers
885,2024-11-01,2021-11-20,4,7666.610000000001,949.46,Consumer,West,60,8,3,2,2,322,Hibernating
886,2024-12-13,2021-01-19,59,132908.61,36027.36,Small Business,Central,18,2,4,5,5,455,Champions
887,2024-08-31,2021-05-09,12,7974.85,1939.22,Consumer,South,122,17,2,3,2,232,Lost
888,2024-12-25,2021-12-09,9,3068.98,875.25,Consumer,South,6,0,5,3,1,531,Potential Loyalists
889,2024-12-19,2021-03-29,30,81308.07,20215.13,Corporate,West,12,1,4,4,5,445,Champions
890,2024-12-19,2021-04-14,4,5789.15,1342.65,Consumer,East,12,1,4,2,2,422,Promising
891,2024-02-28,2021-06-03,4,1211.3400000000001,423.46000000000004,Consumer,Central,307,43,1,2,1,121,Lost
892,2024-10-27,2021-01-17,29,65334.630000000005,13858.67,Corporate,East,65,9,3,4,5,345,Loyal Customers
893,2021-10-13,2021-04-03,2,4435.02,657.36,Consumer,East,1175,167,1,1,2,112,Lost
894,2024-06-09,2022-05-04,2,4233.17,954.16,Small Business,West,205,29,2,1,2,212,Lost
895,2024-11-24,2021-02-13,5,2580.9,971.88,Consumer,Central,37,5,3,2,1,321,Hibernating
896,2024-12-01,2021-06-06,14,27015.28,7220.44,Home Office,East,30,4,3,3,4,334,Promising
897,2024-12-19,2021-01-15,234,564381.96,141807.24,Corporate,East,12,1,4,5,5,455,Champions
898,2024-12-14,2024-12-14,1,2864.16,941.4,Home Office,East,17,2,4,1,1,411,New Customers
899,2024-08-01,2022-07-22,5,9243.32,2633.5,Corporate,South,152,21,2,2,2,222,Lost
900,2024-12-28,2021-02-03,26,68353.89,18192.94,Corporate,Central,3,0,5,4,5,545,Champions
901,2024-12-13,2021-01-08,51,142621.42,27609.22,Small Business,East,18,2,4,5,5,455,Champions
902,2024-11-11,2021-10-01,6,1787.21,576.27,Consumer,East,50,7,3,2,1,321,Hibernating
903,2024-10-30,2021-01-24,5,5464.24,424.87,Consumer,West,62,8,3,2,2,322,Hibernating
904,2024-11-01,2021-06-08,14,15735.949999999999,4025.49,Home Office,West,60,8,3,3,3,333,Promising
905,2024-11-11,2021-06-03,18,25216.83,5629.64,Home Office,Central,50,7,3,4,3,343,Promising
906,2024-05-11,2024-05-11,1,272.88,113.21000000000001,Consumer,West,234,33,2,1,1,211,Lost
907,2024-12-21,2021-02-27,36,76462.95,18391.29,Corporate,South,10,1,5,5,5,555,Champions
908,2024-12-02,2021-03-02,26,48998.03,13154.85,Small Business,West,29,4,4,4,4,444,Champions
909,2024-12-27,2021-01-22,51,62310.93,17478.3,Home Office,Central,4,0,5,5,4,554,Champions
910,2024-12-13,2021-11-15,17,30531.3,6256.09,Small Business,East,18,2,4,4,4,444,Champions
911,2024-06-14,2022-11-07,5,15284.85,3236.46,Corporate,South,200,28,2,2,3,223,Lost
912,2023-10-04,2022-12-05,3,5655.72,1258.36,Home Office,South,454,64,1,1,2,112,Lost
913,2024-05-07,2021-04-20,7,4526.97,815.1800000000001,Consumer,Central,238,34,2,2,2,222,Lost
914,2023-09-23,2022-03-24,5,9186.19,1982.3,Small Business,West,465,66,1,2,2,122,Lost
915,2024-12-31,2021-08-23,5,6209.37,2253.37,Consumer,East,0,0,5,2,2,522,Promising
916,2024-08-03,2021-05-10,9,11163.0,3652.92,Home Office,South,150,21,2,3,2,232,Lost
917,2024-11-18,2021-01-08,15,27680.49,7356.57,Corporate,Central,43,6,3,3,4,334,Promising
918,2024-12-09,2021-02-25,81,232612.66,55900.340000000004,Corporate,East,22,3,4,5,5,455,Champions
919,2024-12-26,2021-01-25,36,45175.43,10489.27,Home Office,West,5,0,5,5,4,554,Champions
921,2024-12-31,2021-03-05,41,80328.37,23295.24,Small Business,South,0,0,5,5,5,555,Champions
922,2024-12-29,2021-01-25,38,112846.45,25359.27,Corporate,Central,2,0,5,5,5,555,Champions
923,2024-05-12,2021-04-14,12,36833.57,6565.59,Corporate,Central,233,33,2,3,4,234,At Risk
924,2023-05-27,2023-05-27,1,4337.68,944.2,Consumer,Central,584,83,1,1,2,112,Lost
925,2024-11-23,2022-01-08,6,16222.91,3428.2000000000003,Corporate,East,38,5,3,2,3,323,Promising
926,2024-12-21,2021-03-06,33,70753.11,18589.54,Corporate,West,10,1,5,5,5,555,Champions
927,2021-08-30,2021-01-27,3,1167.31,446.72,Consumer,East,1219,174,1,1,1,111,Lost
928,2024-12-31,2021-07-15,10,20220.89,3665.23,Consumer,South,0,0,5,3,3,533,Potential Loyalists
929,2024-07-03,2021-07-02,10,9617.36,2351.13,Home Office,West,181,25,2,3,2,232,Lost
930,2024-12-14,2021-01-22,100,161715.96,40262.28,Home Office,West,17,2,4,5,5,455,Champions
931,2022-12-04,2021-10-07,4,4815.78,1324.29,Home Office,East,758,108,1,2,2,122,Lost
932,2024-10-30,2021-03-23,30,37517.27,8388.56,Consumer,East,62,8,3,4,4,344,Loyal Customers
933,2024-12-18,2021-01-08,40,60441.3,13786.05,Consumer,Central,13,1,4,5,4,454,Champions
934,2022-09-11,2021-12-14,4,2565.81,610.6199999999999,Consumer,East,842,120,1,2,1,121,Lost
935,2024-07-25,2021-01-03,6,8171.87,2068.65,Home Office,East,159,22,2,2,2,222,Lost
936,2024-11-06,2022-01-30,10,17433.45,3946.74,Small Business,South,55,7,3,3,3,333,Promising
938,2024-11-23,2021-03-22,27,50358.45,7615.41,Home Office,West,38,5,3,4,4,344,Loyal Customers
940,2024-12-30,2021-01-07,64,71327.02,18004.91,Consumer,South,1,0,5,5,5,555,Champions
941,2022-10-31,2022-10-31,1,1438.52,546.64,Consumer,West,792,113,1,1,1,111,Lost
942,2024-04-16,2021-03-27,6,6561.469999999999,1665.98,Consumer,Central,259,37,2,2,2,222,Lost
943,2024-12-30,2021-01-08,24,39464.94,9626.52,Home Office,South,1,0,5,4,4,544,Champions
944,2024-12-02,2022-02-03,5,15461.73,4016.81,Small Business,Central,29,4,4,2,3,423,Potential Loyalists
945,2024-10-31,2021-09-21,11,14647.460000000001,2994.89,Consumer,West,61,8,3,3,3,333,Promising
946,2024-09-14,2021-02-16,24,69650.31999999999,19382.8,Corporate,Central,108,15,2,4,5,245,Can't Lose
947,2023-11-20,2021-07-01,12,35824.1,10274.15,Home Office,West,407,58,1,3,4,134,At Risk
948,2024-02-03,2024-02-03,1,4163.45,1150.6999999999998,Small Business,West,332,47,1,1,2,112,Lost
949,2024-12-04,2021-03-14,46,146368.37,29574.85,Corporate,West,27,3,4,5,5,455,Champions
950,2023-04-10,2021-05-06,10,21921.4,6507.7,Consumer,West,631,90,1,3,3,133,At Risk
951,2024-11-26,2021-01-03,13,29039.32,7490.57,Corporate,East,35,5,3,3,4,334,Promising
952,2024-12-06,2023-07-28,2,187.23000000000002,86.50999999999999,Consumer,West,25,3,4,1,1,411,New Customers
953,2024-12-23,2021-01-23,19,40007.57,10458.83,Small Business,East,8,1,5,4,4,544,Champions
954,2023-09-09,2022-01-25,3,1571.83,650.67,Consumer,West,479,68,1,1,1,111,Lost
955,2024-10-16,2022-11-15,5,5744.21,1183.68,Home Office,West,76,10,3,2,2,322,Hibernating
956,2024-11-13,2021-03-05,38,41310.12,11111.34,Consumer,South,48,6,3,5,4,354,Loyal Customers
957,2024-12-26,2021-02-16,21,63021.49,12723.039999999999,Corporate,East,5,0,5,4,5,545,Champions
958,2024-05-24,2021-01-12,10,21880.940000000002,5846.86,Small Business,Central,221,31,2,3,3,233,At Risk
959,2024-08-14,2021-02-08,14,29409.739999999998,5872.25,Corporate,West,139,19,2,3,4,234,At Risk
960,2024-12-26,2021-01-06,37,79917.0,19733.12,Corporate,East,5,0,5,5,5,555,Champions
961,2022-08-08,2022-08-08,1,768.71,178.82999999999998,Small Business,East,876,125,1,1,1,111,Lost
962,2024-12-25,2021-04-13,20,45345.17,11891.39,Small Business,East,6,0,5,4,4,544,Champions
964,2024-08-25,2021-04-13,11,29508.46,8255.33,Corporate,West,128,18,2,3,4,234,At Risk
965,2024-12-07,2021-05-12,4,12352.07,2233.9900000000002,Corporate,West,24,3,4,2,3,423,Potential Loyalists
967,2024-09-12,2021-09-04,3,4883.97,2020.54,Consumer,East,110,15,2,1,2,212,Lost
968,2024-12-21,2021-02-17,9,22498.03,6810.27,Consumer,East,10,1,5,3,3,533,Potential Loyalists
969,2022-06-25,2022-06-25,1,650.63,185.13,Small Business,East,920,131,1,1,1,111,Lost
970,2024-10-22,2021-10-26,13,28897.75,6138.4,Small Business,West,70,10,3,3,4,334,Promising
971,2024-12-09,2024-02-10,3,8440.2,2446.5299999999997,Home Office,West,22,3,4,1,2,412,Promising
972,2024-12-29,2021-01-10,84,210250.53,52127.840000000004,Small Business,West,2,0,5,5,5,555,Champions
973,2024-12-23,2021-07-26,36,47135.57,11412.3,Home Office,East,8,1,5,5,4,554,Champions
974,2024-12-12,2024-10-17,2,1096.87,448.32,Home Office,East,19,2,4,1,1,411,New Customers
975,2024-11-10,2021-05-09,11,30435.46,8079.07,Home Office,South,51,7,3,3,4,334,Promising
976,2024-05-22,2021-01-04,17,46070.66,11590.08,Corporate,East,223,31,2,4,4,244,Can't Lose
977,2024-12-21,2021-02-24,87,238872.13999999998,56823.21,Corporate,East,10,1,5,5,5,555,Champions
979,2024-12-20,2021-02-14,30,60716.87,13818.54,Corporate,South,11,1,4,4,4,444,Champions
980,2024-10-17,2021-07-04,24,37194.84,7617.73,Consumer,Central,75,10,3,4,4,344,Loyal Customers
981,2024-06-01,2023-02-24,3,2467.95,871.92,Consumer,Central,213,30,2,1,1,211,Lost
982,2024-11-19,2021-05-18,9,21608.39,5633.89,Corporate,South,42,6,3,3,3,333,Promising
983,2023-05-20,2021-05-22,3,15638.330000000002,2603.06,Corporate,East,591,84,1,1,3,113,Lost
984,2024-05-01,2021-01-21,23,23915.38,5833.650000000001,Consumer,South,244,34,2,4,3,243,At Risk
985,2024-11-28,2021-01-05,26,46271.659999999996,9232.369999999999,Home Office,East,33,4,3,4,4,344,Loyal Customers
986,2024-11-13,2021-03-23,3,7173.75,2262.49,Small Business,Central,48,6,3,1,2,312,Hibernating
987,2024-12-13,2021-11-30,8,18058.6,4633.06,Consumer,West,18,2,4,2,3,423,Potential Loyalists
988,2023-09-24,2021-09-15,6,8631.92,1929.2400000000002,Consumer,West,464,66,1,2,2,122,Lost
991,2023-09-01,2022-07-25,2,9585.630000000001,1687.56,Home Office,South,487,69,1,1,2,112,Lost
992,2024-08-31,2021-03-01,19,12218.34,3384.8900000000003,Consumer,West,122,17,2,4,3,243,At Risk
993,2024-12-20,2021-06-15,11,17857.71,3575.61,Home Office,Central,11,1,4,3,3,433,Potential Loyalists
994,2023-11-28,2021-11-02,4,5302.15,1685.82,Consumer,South,399,57,1,2,2,122,Lost
995,2024-04-29,2021-11-16,6,3500.91,1338.81,Consumer,East,246,35,2,2,1,221,Lost
996,2024-12-30,2021-01-02,130,277443.17,69400.7,Small Business,South,1,0,5,5,5,555,Champions
997,2022-01-09,2021-05-14,2,3852.05,359.46000000000004,Consumer,West,1087,155,1,1,1,111,Lost
998,2024-11-21,2022-03-21,6,5292.38,1636.5,Consumer,Central,40,5,3,2,2,322,Hibernating
999,2024-11-29,2021-06-09,15,32643.93,6852.38,Corporate,East,32,4,3,3,4,334,Promising
1000,2024-11-24,2021-08-13,8,25153.11,4579.32,Corporate,West,37,5,3,2,3,323,Promising
1001,2024-12-26,2021-02-19,54,125589.68,27134.0,Small Business,Central,5,0,5,5,5,555,Champions
1003,2021-07-07,2021-07-07,1,4585.889999999999,825.5899999999999,Consumer,East,1273,181,1,1,2,112,Lost
1004,2024-09-30,2022-09-03,5,11812.97,1436.5200000000002,Consumer,East,92,13,2,2,2,222,Lost
1005,2024-12-27,2021-02-23,51,82501.36,19057.59,Home Office,South,4,0,5,5,5,555,Champions
1006,2024-06-22,2022-02-14,4,2677.7599999999998,892.2,Consumer,East,192,27,2,2,1,221,Lost
1007,2023-07-25,2022-02-20,3,7506.39,1714.93,Small Business,Central,525,75,1,1,2,112,Lost
1008,2024-12-17,2021-02-18,38,35703.25,10127.55,Home Office,South,14,2,4,5,4,454,Champions
1009,2024-12-30,2021-05-03,34,38954.52,10246.65,Consumer,East,1,0,5,5,4,554,Champions
1010,2024-12-24,2021-01-14,51,74990.82,21420.78,Home Office,East,7,1,5,5,5,555,Champions
1011,2022-08-23,2021-03-01,2,3363.06,680.51,Consumer,Central,861,123,1,1,1,111,Lost
1012,2024-12-30,2021-12-05,20,64225.36,15161.61,Corporate,East,1,0,5,4,5,545,Champions
1013,2024-11-07,2021-07-06,26,65024.48,14798.57,Corporate,Central,54,7,3,4,5,345,Loyal Customers
1014,2024-12-30,2021-05-23,27,52256.57,12813.529999999999,Corporate,Central,1,0,5,4,4,544,Champions
1015,2024-12-26,2021-10-20,16,26805.11,3936.72,Home Office,Central,5,0,5,4,4,544,Champions
1016,2024-03-28,2024-03-28,1,1518.0,427.59,Home Office,West,278,39,1,1,1,111,Lost
1017,2022-09-16,2021-04-23,3,15989.14,3792.06,Small Business,Central,837,119,1,1,3,113,Lost
1018,2024-11-15,2021-02-26,9,24585.26,4777.77,Small Business,Central,46,6,3,3,3,333,Promising
1019,2024-01-24,2021-02-11,13,37630.66,8942.48,Corporate,East,342,48,1,3,4,134,At Risk
1020,2024-11-09,2021-10-27,15,19275.7,5010.77,Consumer,West,52,7,3,3,3,333,Promising
1021,2022-12-15,2021-11-03,2,1813.76,582.69,Home Office,South,747,106,1,1,1,111,Lost
1022,2024-04-09,2021-06-24,10,29892.93,6038.93,Small Business,Central,266,38,2,3,4,234,At Risk
1023,2024-12-04,2021-12-13,2,855.22,305.7,Consumer,West,27,3,4,1,1,411,New Customers
1024,2024-12-04,2021-02-21,42,108394.55,25500.9,Corporate,West,27,3,4,5,5,455,Champions
1025,2024-02-11,2021-07-18,9,34961.94,10418.5,Corporate,East,324,46,1,3,4,134,At Risk
1026,2024-09-07,2022-09-15,4,3883.4900000000002,1275.6000000000001,Consumer,East,115,16,2,2,1,221,Lost
1028,2023-01-17,2023-01-17,1,311.02,132.92,Consumer,South,714,102,1,1,1,111,Lost
1029,2024-12-09,2021-01-13,21,42425.409999999996,9607.16,Home Office,East,22,3,4,4,4,444,Champions
1030,2024-11-27,2021-05-24,31,67125.59,16599.09,Home Office,South,34,4,3,4,5,345,Loyal Customers
1031,2024-12-21,2022-04-07,13,20463.05,6094.39,Home Office,East,10,1,5,3,3,533,Potential Loyalists
1032,2021-01-26,2021-01-26,1,2851.4300000000003,1051.04,Corporate,West,1435,205,1,1,1,111,Lost
1033,2024-11-21,2021-02-23,34,22726.32,5124.72,Consumer,West,40,5,3,5,3,353,Promising
1034,2023-07-18,2021-09-29,3,16226.24,3520.5299999999997,Home Office,West,532,76,1,1,3,113,Lost
1035,2024-04-25,2021-07-05,8,7270.42,2005.21,Home Office,South,250,35,2,2,2,222,Lost
1036,2024-12-29,2021-05-01,41,94652.45,24822.96,Corporate,South,2,0,5,5,5,555,Champions
1037,2024-03-12,2021-01-08,6,8980.41,2951.0499999999997,Small Business,South,294,42,1,2,2,122,Lost
1038,2024-07-11,2021-05-14,7,8340.9,1948.9,Consumer,East,173,24,2,2,2,222,Lost
1039,2021-11-18,2021-11-18,1,5660.6,1429.75,Small Business,South,1139,162,1,1,2,112,Lost
1040,2024-12-15,2021-03-31,26,34105.97,8948.81,Consumer,East,16,2,4,4,4,444,Champions
1041,2024-06-21,2021-01-10,4,1678.87,621.79,Consumer,South,193,27,2,2,1,221,Lost
1042,2024-10-23,2021-07-19,9,18569.88,5517.24,Corporate,West,69,9,3,3,3,333,Promising
1043,2024-09-04,2021-01-14,8,7403.070000000001,1614.79,Consumer,West,118,16,2,2,2,222,Lost
1044,2024-11-11,2021-07-22,17,26790.47,5975.37,Consumer,East,50,7,3,4,4,344,Loyal Customers
1045,2024-11-25,2021-01-10,7,5518.95,1398.77,Consumer,East,36,5,3,2,2,322,Hibernating
1046,2024-08-28,2021-09-23,14,38503.51,7378.1900000000005,Corporate,East,125,17,2,3,4,234,At Risk
1047,2024-08-26,2021-04-10,35,42321.3,10512.37,Home Office,South,127,18,2,5,4,254,Can't Lose
1048,2024-12-23,2021-09-08,14,17045.69,4609.08,Consumer,South,8,1,5,3,3,533,Potential Loyalists
1049,2024-08-08,2021-02-19,9,8844.74,2145.18,Home Office,South,145,20,2,3,2,232,Lost
1050,2023-02-22,2023-02-22,1,2098.27,749.94,Home Office,East,678,96,1,1,1,111,Lost
1051,2023-11-01,2022-02-05,2,993.57,365.63,Consumer,Central,426,60,1,1,1,111,Lost
1052,2024-06-26,2021-04-15,5,7042.11,2262.67,Consumer,East,188,26,2,2,2,222,Lost
1054,2024-12-30,2021-01-23,47,99600.0,22865.7,Home Office,West,1,0,5,5,5,555,Champions
1055,2024-01-17,2024-01-17,1,6315.9,2286.02,Corporate,West,349,49,1,1,2,112,Lost
1056,2024-11-24,2021-07-19,14,15694.22,4450.58,Home Office,West,37,5,3,3,3,333,Promising
1057,2024-10-24,2021-07-06,6,15101.199999999999,4114.95,Consumer,East,68,9,3,2,3,323,Promising
1058,2024-01-10,2024-01-10,1,273.3,108.58000000000001,Consumer,West,356,50,1,1,1,111,Lost
1059,2024-02-21,2021-05-31,9,9300.37,2800.2,Home Office,Central,314,44,1,3,2,132,Lost
1061,2023-12-29,2021-07-02,3,6167.97,1612.93,Home Office,South,368,52,1,1,2,112,Lost
1062,2024-12-17,2021-01-12,60,158055.91,35700.62,Corporate,West,14,2,4,5,5,455,Champions
1063,2024-12-31,2021-01-09,42,53870.24,14389.46,Home Office,South,0,0,5,5,4,554,Champions
1064,2024-12-27,2021-01-02,51,146199.56,32678.32,Corporate,Central,4,0,5,5,5,555,Champions
1065,2024-12-14,2021-08-29,6,4348.01,1147.31,Consumer,Central,17,2,4,2,2,422,Promising
1066,2024-10-21,2021-05-02,6,810.6700000000001,177.48000000000002,Consumer,Central,71,10,3,2,1,321,Hibernating
1067,2024-10-01,2021-05-20,12,12733.45,3193.65,Consumer,South,91,13,2,3,3,233,At Risk
1068,2024-12-12,2021-03-22,21,22921.82,6280.099999999999,Home Office,Central,19,2,4,4,3,443,Potential Loyalists
1069,2023-08-01,2021-03-19,4,8065.27,1306.74,Consumer,West,518,74,1,2,2,122,Lost
1072,2024-12-27,2021-01-18,72,104230.99,21180.53,Consumer,East,4,0,5,5,5,555,Champions
1073,2024-12-21,2021-03-26,41,57761.3,17193.49,Home Office,East,10,1,5,5,4,554,Champions
1074,2024-08-07,2021-11-18,7,23635.86,3857.27,Consumer,East,146,20,2,2,3,223,Lost
1075,2024-12-25,2021-02-07,26,70512.27,12945.49,Small Business,West,6,0,5,4,5,545,Champions
1076,2023-12-16,2022-04-06,4,3441.58,851.71,Consumer,East,381,54,1,2,1,121,Lost
1077,2024-04-23,2021-06-22,7,4525.99,616.04,Home Office,Central,252,36,2,2,2,222,Lost
1078,2023-12-25,2022-10-18,3,16260.39,3526.94,Corporate,South,372,53,1,1,3,113,Lost
1079,2024-11-30,2021-04-27,34,30379.13,9450.86,Consumer,South,31,4,3,5,4,354,Loyal Customers
1080,2024-05-18,2021-06-04,3,6788.67,1447.57,Small Business,West,227,32,2,1,2,212,Lost
1081,2024-07-12,2021-01-14,8,23338.0,6136.91,Small Business,West,172,24,2,2,3,223,Lost
1082,2024-12-16,2021-01-06,95,216451.01,53312.48,Small Business,West,15,2,4,5,5,455,Champions
1084,2024-10-30,2021-09-25,2,2431.34,345.14,Consumer,Central,62,8,3,1,1,311,Hibernating
1085,2023-12-02,2022-10-31,2,2685.62,1022.46,Home Office,East,395,56,1,1,1,111,Lost
1086,2024-10-21,2022-03-14,13,16373.47,5767.41,Consumer,South,71,10,3,3,3,333,Promising
1087,2024-12-07,2021-06-07,7,8187.34,2774.13,Home Office,East,24,3,4,2,2,422,Promising
1088,2024-12-31,2021-04-02,52,121218.46,31580.84,Corporate,South,0,0,5,5,5,555,Champions
1089,2024-05-19,2022-11-26,3,5960.13,1770.27,Corporate,Central,226,32,2,1,2,212,Lost
1090,2024-11-22,2021-04-14,11,26195.71,5319.33,Home Office,East,39,5,3,3,3,333,Promising
1091,2023-10-21,2021-10-24,4,756.43,173.81,Home Office,Central,437,62,1,2,1,121,Lost
1092,2024-12-10,2021-05-11,22,23042.8,6800.58,Consumer,East,21,3,4,4,3,443,Potential Loyalists
1093,2024-12-03,2021-11-20,17,24023.05,6439.82,Consumer,South,28,4,4,4,3,443,Potential Loyalists
1094,2024-12-29,2021-04-12,21,40409.39,12053.19,Corporate,Central,2,0,5,4,4,544,Champions
1095,2024-07-18,2021-04-16,9,18312.37,5514.63,Corporate,East,166,23,2,3,3,233,At Risk
1096,2024-12-10,2021-07-04,19,22210.91,6925.1,Consumer,East,21,3,4,4,3,443,Potential Loyalists
1097,2024-12-08,2021-01-07,45,96343.99,25941.170000000002,Corporate,Central,23,3,4,5,5,455,Champions
1098,2024-11-10,2021-02-13,13,19134.73,1022.05,Home Office,West,51,7,3,3,3,333,Promising
1099,2024-11-12,2021-03-19,14,23162.57,6769.73,Home Office,South,49,7,3,3,3,333,Promising
1100,2024-12-23,2021-02-13,18,36903.43,9254.22,Corporate,Central,8,1,5,4,4,544,Champions
1101,2024-06-08,2021-05-07,3,2898.13,911.88,Consumer,Central,206,29,2,1,1,211,Lost
1102,2024-12-21,2021-11-12,7,6782.969999999999,2145.83,Consumer,West,10,1,5,2,2,522,Promising
1104,2024-12-29,2021-03-25,52,48355.07,12402.37,Consumer,South,2,0,5,5,4,554,Champions
1105,2024-11-15,2021-01-14,3,7092.7,1883.67,Corporate,East,46,6,3,1,2,312,Hibernating
1106,2024-02-12,2022-08-04,4,5424.15,650.0799999999999,Home Office,West,323,46,1,2,2,122,Lost
1107,2023-05-07,2023-05-07,1,163.18,59.99,Consumer,East,604,86,1,1,1,111,Lost
1108,2024-11-07,2021-04-12,16,18463.86,2740.89,Consumer,West,54,7,3,4,3,343,Promising
1109,2024-11-05,2021-09-23,18,22407.710000000003,5075.56,Consumer,Central,56,8,3,4,3,343,Promising
1110,2024-12-02,2023-08-16,3,15611.16,3858.2799999999997,Small Business,West,29,4,4,1,3,413,Potential Loyalists
1111,2024-12-14,2021-01-19,18,35235.58,10278.39,Corporate,West,17,2,4,4,4,444,Champions
1112,2024-11-02,2024-11-02,1,350.6,146.59,Consumer,West,59,8,3,1,1,311,Hibernating
1113,2024-12-31,2021-01-08,91,208154.77,50980.52,Small Business,East,0,0,5,5,5,555,Champions
1114,2024-12-10,2021-05-24,12,43366.72,9364.18,Corporate,East,21,3,4,3,4,434,Potential Loyalists
1115,2024-11-29,2021-02-04,22,77605.8,17828.21,Corporate,South,32,4,3,4,5,345,Loyal Customers
1116,2024-12-21,2021-02-06,12,38379.54,10340.56,Small Business,Central,10,1,5,3,4,534,Potential Loyalists
1117,2022-08-12,2022-08-12,1,130.93,42.13,Consumer,West,872,124,1,1,1,111,Lost
1118,2023-10-07,2022-06-03,4,7683.499999999999,1981.96,Consumer,South,451,64,1,2,2,122,Lost
1119,2024-12-09,2021-03-18,24,56655.52,12772.03,Corporate,East,22,3,4,4,4,444,Champions
1120,2024-02-08,2021-12-21,3,1408.21,339.33000000000004,Consumer,East,327,46,1,1,1,111,Lost
1121,2024-12-08,2023-04-16,2,1047.5900000000001,370.54,Home Office,East,23,3,4,1,1,411,New Customers
1122,2024-12-09,2021-07-26,10,8994.890000000001,2373.52,Consumer,South,22,3,4,3,2,432,Potential Loyalists
1123,2024-11-23,2021-08-28,19,25119.95,7293.34,Consumer,Central,38,5,3,4,3,343,Promising
1124,2024-12-29,2021-02-21,37,35776.55,11088.66,Consumer,Central,2,0,5,5,4,554,Champions
1125,2024-11-25,2021-04-17,30,84442.3,18381.4,Corporate,East,36,5,3,4,5,345,Loyal Customers
1126,2024-08-11,2021-02-21,13,22109.36,5243.59,Consumer,East,142,20,2,3,3,233,At Risk
1129,2024-12-13,2021-01-20,11,8489.23,1822.07,Consumer,South,18,2,4,3,2,432,Potential Loyalists
1130,2024-12-10,2021-01-19,20,39331.7,7188.97,Consumer,Central,21,3,4,4,4,444,Champions
1131,2024-11-07,2021-04-25,13,22722.94,4310.7699999999995,Consumer,West,54,7,3,3,3,333,Promising
1132,2021-12-04,2021-12-04,1,1498.71,584.49,Consumer,Central,1123,160,1,1,1,111,Lost
1133,2024-09-30,2021-11-04,7,4101.9400000000005,1170.47,Consumer,South,92,13,2,2,2,222,Lost
1134,2024-12-09,2021-02-02,43,98998.94,25216.68,Corporate,West,22,3,4,5,5,455,Champions
1135,2023-12-11,2021-05-24,8,5202.33,868.68,Consumer,Central,386,55,1,2,2,122,Lost
1136,2024-11-16,2021-03-26,36,73819.47,16024.91,Small Business,South,45,6,3,5,5,355,Loyal Customers
1137,2022-11-24,2022-11-24,1,2110.78,293.9,Small Business,East,768,109,1,1,1,111,Lost
1138,2024-11-20,2021-09-11,7,4764.78,1726.78,Consumer,South,41,5,3,2,2,322,Hibernating
1139,2023-12-17,2021-02-06,18,19870.02,4645.7300000000005,Consumer,East,380,54,1,4,3,143,At Risk
1140,2024-12-24,2021-03-27,48,72731.37,15481.83,Consumer,Central,7,1,5,5,5,555,Champions
1141,2024-11-04,2021-01-04,53,124457.21,33914.53,Corporate,South,57,8,3,5,5,355,Loyal Customers
1142,2024-11-24,2021-02-16,15,13911.83,3242.8500000000004,Consumer,Central,37,5,3,3,3,333,Promising
1143,2024-10-20,2021-06-27,8,11186.77,3295.88,Small Business,West,72,10,3,2,2,322,Hibernating
1144,2024-11-24,2021-04-10,16,20218.2,5274.75,Home Office,Central,37,5,3,4,3,343,Promising
1145,2023-03-26,2021-11-22,2,1572.74,506.42,Home Office,East,646,92,1,1,1,111,Lost
1146,2024-09-19,2021-12-08,8,12915.06,2476.0699999999997,Corporate,East,103,14,2,2,3,223,Lost
1147,2024-11-02,2021-01-26,27,78381.09,18869.8,Small Business,East,59,8,3,4,5,345,Loyal Customers
1148,2024-11-07,2021-03-16,13,14575.79,1720.39,Consumer,Central,54,7,3,3,3,333,Promising
1149,2024-12-18,2021-03-19,13,38925.35,11619.17,Corporate,West,13,1,4,3,4,434,Potential Loyalists
1150,2023-11-29,2023-11-29,1,2344.78,737.13,Consumer,East,398,56,1,1,1,111,Lost
1151,2024-10-02,2021-01-06,14,30166.45,8179.71,Small Business,South,90,12,2,3,4,234,At Risk
1152,2024-10-07,2021-09-03,25,46615.54,12714.73,Corporate,West,85,12,2,4,4,244,Can't Lose
1154,2024-08-11,2021-05-08,8,5287.16,1752.63,Consumer,West,142,20,2,2,2,222,Lost
1155,2024-12-19,2021-01-17,40,68145.89,18156.32,Small Business,East,12,1,4,5,5,455,Champions
1156,2024-12-25,2021-01-13,49,134215.82,33957.85,Corporate,Central,6,0,5,5,5,555,Champions
1157,2024-12-03,2021-03-15,46,109722.83,26293.18,Corporate,West,28,4,4,5,5,455,Champions
1158,2024-03-07,2022-06-15,4,6749.370000000001,2216.9,Small Business,East,299,42,1,2,2,122,Lost
1159,2024-12-25,2022-12-07,10,12138.39,1605.07,Consumer,South,6,0,5,3,3,533,Potential Loyalists
1160,2024-12-29,2021-01-05,32,43142.520000000004,11783.87,Consumer,South,2,0,5,5,4,554,Champions
1161,2024-12-28,2021-02-04,21,58849.4,9686.3,Corporate,Central,3,0,5,4,4,544,Champions
1162,2023-12-31,2023-04-18,3,2769.82,691.6500000000001,Consumer,South,366,52,1,1,1,111,Lost
1163,2024-12-23,2021-02-10,29,36884.79,9779.4,Consumer,South,8,1,5,4,4,544,Champions
1164,2024-05-16,2021-06-10,4,2904.11,125.3,Consumer,West,229,32,2,2,1,221,Lost
1165,2023-04-30,2023-04-30,1,653.84,204.59,Consumer,Central,611,87,1,1,1,111,Lost
1166,2023-08-25,2021-06-22,4,13915.13,1859.97,Small Business,Central,494,70,1,2,3,123,Lost
1167,2023-02-11,2023-02-11,1,2430.2499999999995,683.19,Corporate,East,689,98,1,1,1,111,Lost
1169,2023-03-09,2021-01-29,3,4463.639999999999,1651.62,Corporate,East,663,94,1,1,2,112,Lost
1170,2024-12-04,2022-05-13,4,10547.52,3546.25,Corporate,Central,27,3,4,2,2,422,Promising
1171,2024-11-15,2021-01-24,27,59440.51,17795.22,Corporate,South,46,6,3,4,4,344,Loyal Customers
1172,2024-09-17,2021-11-28,12,35127.05,7438.650000000001,Small Business,Central,105,15,2,3,4,234,At Risk
1173,2024-12-29,2021-01-01,203,498076.77,110666.05,Small Business,West,2,0,5,5,5,555,Champions
1174,2024-02-12,2024-02-12,1,296.82,130.91,Consumer,East,323,46,1,1,1,111,Lost
1175,2024-08-20,2024-08-20,1,3723.15,670.15,Consumer,West,133,19,2,1,1,211,Lost
1176,2023-11-08,2022-08-19,3,7862.9800000000005,2164.0299999999997,Corporate,West,419,59,1,1,2,112,Lost
1177,2022-09-02,2021-12-25,3,5432.46,1976.5600000000002,Corporate,South,851,121,1,1,2,112,Lost
1178,2024-12-02,2021-01-08,14,28994.2,5564.3,Corporate,South,29,4,4,3,4,434,Potential Loyalists
1179,2024-12-16,2021-02-27,37,72026.17,15051.42,Home Office,South,15,2,4,5,5,455,Champions
1180,2024-12-26,2021-01-01,143,390482.54,86863.85,Corporate,South,5,0,5,5,5,555,Champions
1181,2024-09-20,2021-03-13,13,16382.460000000001,1296.39,Consumer,South,102,14,2,3,3,233,At Risk
1182,2024-12-10,2021-04-19,13,24500.9,5468.56,Consumer,West,21,3,4,3,3,433,Potential Loyalists
1183,2024-01-14,2024-01-14,1,2407.46,485.33,Consumer,East,352,50,1,1,1,111,Lost
1184,2024-12-23,2021-02-19,28,42559.45,10947.87,Consumer,East,8,1,5,4,4,544,Champions
1186,2023-03-04,2021-10-17,6,6748.6,1907.0,Home Office,East,668,95,1,2,2,122,Lost
1187,2024-02-23,2021-06-11,11,7145.15,2330.29,Consumer,East,312,44,1,3,2,132,Lost
1188,2024-11-24,2021-01-18,16,15928.96,3488.7400000000002,Consumer,South,37,5,3,4,3,343,Promising
1189,2024-12-15,2021-01-01,75,173169.14,42389.02,Corporate,East,16,2,4,5,5,455,Champions
1190,2024-10-07,2021-11-29,8,6830.59,2499.73,Home Office,South,85,12,2,2,2,222,Lost
1191,2023-08-16,2021-09-11,5,4072.98,1187.09,Consumer,Central,503,71,1,2,2,122,Lost
1192,2024-12-26,2021-01-18,24,43319.77,11652.59,Home Office,Central,5,0,5,4,4,544,Champions
1193,2024-12-16,2023-05-13,2,5024.679999999999,1104.58,Small Business,Central,15,2,4,1,2,412,New Customers
1194,2024-12-17,2021-01-17,51,97859.14,21835.510000000002,Corporate,West,14,2,4,5,5,455,Champions
1195,2024-08-18,2021-02-13,21,17904.81,5319.7,Home Office,Central,135,19,2,4,3,243,At Risk
1196,2024-04-03,2024-04-03,1,645.3,265.22,Consumer,East,272,38,2,1,1,211,Lost
1197,2024-12-31,2021-03-17,57,164536.19,37338.7,Small Business,South,0,0,5,5,5,555,Champions
1198,2024-12-04,2021-10-16,10,8363.67,2187.18,Consumer,West,27,3,4,3,2,432,Potential Loyalists
1199,2024-12-17,2021-02-17,50,93734.96,23962.58,Small Business,East,14,2,4,5,5,455,Champions
1200,2023-12-19,2021-12-03,6,12774.25,3154.17,Corporate,Central,378,54,1,2,3,123,Lost
1201,2024-12-06,2021-03-28,8,6297.9,2069.21,Consumer,Central,25,3,4,2,2,422,Promising
1202,2024-12-14,2022-05-06,16,17692.34,4708.2,Consumer,West,17,2,4,4,3,443,Potential Loyalists
1203,2024-07-08,2021-05-29,20,30502.75,6184.9400000000005,Home Office,Central,176,25,2,4,4,244,Can't Lose
1204,2024-12-15,2021-03-27,22,68071.28,11546.89,Corporate,East,16,2,4,4,5,445,Champions
1205,2023-03-08,2021-06-21,2,2645.08,486.09999999999997,Consumer,Central,664,94,1,1,1,111,Lost
1206,2024-12-25,2021-05-22,27,67572.76,15416.5,Home Office,East,6,0,5,4,5,545,Champions
1207,2024-12-09,2021-03-28,9,18443.35,2035.14,Small Business,West,22,3,4,3,3,433,Potential Loyalists
1209,2024-12-26,2021-02-08,35,95340.89,19688.87,Corporate,West,5,0,5,5,5,555,Champions
1210,2024-12-05,2021-03-21,3,1792.24,789.96,Consumer,West,26,3,4,1,1,411,Promising
1211,2024-12-31,2021-01-04,64,87194.1,21415.57,Home Office,West,0,0,5,5,5,555,Champions
1212,2024-12-31,2021-01-15,24,29378.420000000002,7910.18,Consumer,East,0,0,5,4,4,544,Champions
1213,2022-03-16,2022-03-16,1,3303.33,1201.31,Small Business,East,1021,145,1,1,1,111,Lost
1215,2023-07-31,2021-04-13,3,11586.35,1801.3000000000002,Corporate,East,519,74,1,1,2,112,Lost
1216,2023-02-22,2022-08-26,2,728.61,219.41,Consumer,Central,678,96,1,1,1,111,Lost
1217,2024-11-25,2023-03-31,7,6484.900000000001,2320.81,Consumer,South,36,5,3,2,2,322,Hibernating
1218,2024-12-12,2021-04-27,25,35578.79,8908.67,Home Office,West,19,2,4,4,4,444,Champions
1219,2024-12-22,2021-02-13,76,203496.72,46451.77,Corporate,South,9,1,5,5,5,555,Champions
1220,2024-05-31,2021-01-19,4,11021.5,3680.4700000000003,Corporate,East,214,30,2,2,2,222,Lost
1221,2024-12-11,2021-01-16,42,86506.49,20214.33,Small Business,East,20,2,4,5,5,455,Champions
1222,2024-07-31,2022-07-08,3,1948.1,579.89,Small Business,Central,153,21,2,1,1,211,Lost
1223,2024-10-09,2021-01-05,28,54729.71,16665.28,Small Business,Central,83,11,2,4,4,244,Can't Lose
1224,2024-12-07,2021-12-28,5,4175.57,1220.05,Consumer,South,24,3,4,2,2,422,Promising
1225,2024-11-14,2023-05-20,5,14402.779999999999,1765.29,Corporate,East,47,6,3,2,3,323,Promising
1226,2024-12-11,2021-01-01,134,302953.65,69525.59,Small Business,South,20,2,4,5,5,455,Champions
1227,2024-11-13,2021-03-19,5,8537.119999999999,2676.75,Consumer,West,48,6,3,2,2,322,Hibernating
1228,2024-12-31,2021-05-11,43,76763.97,15650.49,Consumer,West,0,0,5,5,5,555,Champions
1229,2024-10-31,2021-03-31,19,35412.98,5700.349999999999,Home Office,East,61,8,3,4,4,344,Loyal Customers
1230,2024-12-30,2021-02-11,28,51666.61,13429.69,Corporate,South,1,0,5,4,4,544,Champions
1232,2024-07-11,2024-05-08,2,2153.35,781.5000000000001,Small Business,South,173,24,2,1,1,211,Lost
1233,2024-12-30,2021-02-01,34,81382.89,16048.65,Corporate,Central,1,0,5,5,5,555,Champions
1234,2024-12-31,2021-01-06,43,112881.88,29190.07,Corporate,Central,0,0,5,5,5,555,Champions
1235,2024-11-01,2022-09-03,4,2744.9,722.0600000000001,Consumer,Central,60,8,3,2,1,321,Hibernating
1236,2024-06-28,2021-02-05,5,16331.59,4999.1900000000005,Corporate,South,186,26,2,2,3,223,Lost
1237,2024-10-04,2022-06-05,9,4955.46,1419.24,Consumer,East,88,12,2,3,2,232,Lost
1238,2024-12-16,2021-01-04,26,37602.68,9938.67,Home Office,East,15,2,4,4,4,444,Champions
1240,2024-12-22,2021-02-13,13,15509.78,3574.89,Consumer,West,9,1,5,3,3,533,Potential Loyalists
1241,2024-04-11,2021-05-27,3,2555.84,480.89,Consumer,East,264,37,2,1,1,211,Lost
1242,2024-11-03,2021-03-28,19,32699.11,7268.03,Small Business,East,58,8,3,4,4,344,Loyal Customers
1243,2024-08-03,2021-02-08,12,7971.12,2760.21,Consumer,West,150,21,2,3,2,232,Lost
1244,2024-12-23,2021-01-27,18,45314.57,11149.23,Corporate,East,8,1,5,4,4,544,Champions
1245,2024-10-10,2023-06-05,3,12186.170000000002,2494.23,Corporate,East,82,11,2,1,3,213,Lost
1246,2024-11-26,2021-04-25,26,30925.329999999998,7441.52,Home Office,South,35,5,3,4,4,344,Loyal Customers
1247,2023-05-12,2022-12-07,2,1617.05,666.0799999999999,Consumer,West,599,85,1,1,1,111,Lost
1248,2024-11-06,2022-06-20,6,21449.84,4603.74,Home Office,South,55,7,3,2,3,323,Promising
1249,2024-12-03,2021-01-05,20,21133.92,4908.05,Consumer,South,28,4,4,4,3,443,Potential Loyalists
1250,2024-11-08,2021-01-19,27,74738.28,16817.65,Corporate,East,53,7,3,4,5,345,Loyal Customers
1251,2024-12-10,2021-01-29,14,16891.24,3843.58,Consumer,Central,21,3,4,3,3,433,Potential Loyalists
1252,2024-11-25,2021-03-12,8,20146.5,5864.92,Corporate,Central,36,5,3,2,3,323,Promising
1253,2021-09-18,2021-09-18,1,8969.789999999999,1769.4399999999998,Corporate,Central,1200,171,1,1,2,112,Lost
1255,2024-12-23,2021-06-15,3,3510.02,711.76,Consumer,East,8,1,5,1,1,511,Promising
1256,2024-04-08,2021-03-23,17,23557.96,4786.25,Consumer,East,267,38,2,4,3,243,At Risk
1257,2024-12-07,2021-02-28,12,9674.789999999999,2506.99,Consumer,Central,24,3,4,3,2,432,Potential Loyalists
1258,2024-02-19,2021-07-07,8,6056.43,1461.3200000000002,Consumer,South,316,45,1,2,2,122,Lost
1259,2024-12-21,2021-01-12,82,212557.63,43579.44,Small Business,Central,10,1,5,5,5,555,Champions
1260,2024-01-29,2021-12-21,2,3943.87,1381.5400000000002,Corporate,Central,337,48,1,1,2,112,Lost
1262,2024-10-09,2021-04-26,9,25301.06,5922.22,Small Business,Central,83,11,2,3,3,233,At Risk
1263,2024-10-06,2024-05-23,2,2750.35,170.18,Consumer,East,86,12,2,1,1,211,Lost
1265,2024-12-08,2021-05-02,51,116835.68000000001,25988.51,Small Business,West,23,3,4,5,5,455,Champions
1266,2021-05-11,2021-05-11,1,1077.08,332.6,Corporate,East,1330,190,1,1,1,111,Lost
1267,2024-12-24,2021-02-20,49,121618.21,27154.63,Corporate,West,7,1,5,5,5,555,Champions
1268,2024-11-23,2021-02-20,53,141473.35,30176.23,Corporate,South,38,5,3,5,5,355,Loyal Customers
1269,2024-12-29,2023-11-05,2,1510.94,418.89,Consumer,East,2,0,5,1,1,511,New Customers
1270,2024-03-10,2021-03-01,2,6725.759999999999,635.34,Corporate,West,296,42,1,1,2,112,Lost
1271,2024-08-01,2021-03-28,13,37308.59,9991.72,Small Business,East,152,21,2,3,4,234,At Risk
1272,2024-12-28,2021-08-24,17,29438.7,7535.94,Small Business,East,3,0,5,4,4,544,Champions
1274,2024-12-25,2021-02-14,43,69785.12,18525.8,Home Office,Central,6,0,5,5,5,555,Champions
1275,2024-12-28,2023-06-27,5,7372.929999999999,1778.6200000000001,Consumer,South,3,0,5,2,2,522,Promising
1276,2024-12-06,2021-08-26,28,62477.1,15244.61,Small Business,East,25,3,4,4,4,444,Champions
1277,2024-10-14,2024-10-14,1,8.66,2.36,Consumer,West,78,11,2,1,1,211,Lost
1278,2024-12-17,2021-01-07,55,115032.22,30126.51,Small Business,East,14,2,4,5,5,455,Champions
1279,2023-06-21,2023-06-21,1,5774.51,1036.33,Home Office,East,559,79,1,1,2,112,Lost
1280,2024-12-24,2021-08-05,19,13100.78,3271.04,Consumer,West,7,1,5,4,3,543,Potential Loyalists
1281,2024-11-24,2023-06-25,2,3037.9300000000003,914.0799999999999,Consumer,Central,37,5,3,1,1,311,Hibernating
1282,2024-11-19,2024-11-19,1,1610.35,410.14,Home Office,Central,42,6,3,1,1,311,Hibernating
1283,2024-01-24,2021-12-08,5,3074.82,913.23,Consumer,West,342,48,1,2,1,121,Lost
1284,2024-12-20,2021-02-07,64,184909.14,37261.39,Corporate,West,11,1,4,5,5,455,Champions
1285,2024-11-11,2021-03-11,36,86167.24,19111.03,Small Business,East,50,7,3,5,5,355,Loyal Customers
1286,2023-06-06,2021-02-16,2,4247.22,1399.4,Corporate,East,574,82,1,1,2,112,Lost
1287,2024-12-22,2022-12-25,3,2933.03,1029.1499999999999,Consumer,South,9,1,5,1,1,511,Promising
1288,2024-12-19,2021-02-12,23,48820.21,14658.05,Corporate,Central,12,1,4,4,4,444,Champions
1290,2024-11-06,2021-11-16,6,12385.03,3294.2200000000003,Small Business,South,55,7,3,2,3,323,Promising
1291,2024-12-17,2021-06-03,7,8396.35,1561.77,Consumer,Central,14,2,4,2,2,422,Promising
1292,2024-12-26,2021-12-23,7,9284.0,1852.3700000000001,Consumer,South,5,0,5,2,2,522,Promising
1293,2024-12-11,2021-12-27,5,10905.65,2814.32,Consumer,West,20,2,4,2,2,422,Promising
1294,2024-12-26,2021-01-01,112,249330.42,57507.0,Small Business,East,5,0,5,5,5,555,Champions
1295,2024-11-02,2021-04-18,19,31592.5,7109.29,Consumer,East,59,8,3,4,4,344,Loyal Customers
1296,2024-08-11,2021-07-18,5,4987.78,1371.24,Small Business,East,142,20,2,2,2,222,Lost
1297,2023-03-03,2021-03-01,4,5335.72,1499.87,Home Office,East,669,95,1,2,2,122,Lost
1298,2024-11-06,2021-01-13,18,18069.56,3666.26,Home Office,West,55,7,3,4,3,343,Promising
1299,2024-11-27,2021-05-31,32,85158.31,20732.46,Small Business,Central,34,4,3,5,5,355,Loyal Customers
1301,2024-11-18,2021-08-11,18,27426.46,6731.56,Small Business,Central,43,6,3,4,4,344,Loyal Customers
1302,2024-10-15,2021-10-15,10,11321.36,2376.59,Consumer,East,77,11,2,3,2,232,Lost
1303,2024-11-07,2021-06-11,14,26551.56,5718.01,Home Office,Central,54,7,3,3,4,334,Promising
1304,2024-11-01,2021-02-04,42,119957.52,29846.12,Corporate,West,60,8,3,5,5,355,Loyal Customers
1305,2023-11-18,2021-03-11,2,2976.63,574.06,Corporate,East,409,58,1,1,1,111,Lost
1306,2024-11-07,2021-09-03,24,59362.32,14580.5,Small Business,West,54,7,3,4,4,344,Loyal Customers
1307,2024-10-08,2021-10-21,7,9380.12,2599.09,Small Business,West,84,12,2,2,2,222,Lost
1308,2024-12-27,2021-01-14,74,104680.42,26061.67,Home Office,West,4,0,5,5,5,555,Champions
1309,2023-11-23,2021-11-07,5,14002.36,3960.85,Corporate,South,404,57,1,2,3,123,Lost
1310,2024-11-15,2021-06-11,9,20764.98,5916.82,Corporate,Central,46,6,3,3,3,333,Promising
1311,2024-11-13,2021-05-15,7,7879.6,2388.44,Consumer,Central,48,6,3,2,2,322,Hibernating
1312,2021-09-09,2021-09-09,1,3454.08,1339.72,Consumer,East,1209,172,1,1,1,111,Lost
1314,2024-12-08,2021-01-17,13,18452.95,4736.95,Consumer,Central,23,3,4,3,3,433,Potential Loyalists
1315,2023-09-06,2021-09-22,3,3849.1800000000003,1080.57,Consumer,East,482,68,1,1,1,111,Lost
1316,2024-12-30,2021-10-09,24,23464.5,6097.03,Home Office,Central,1,0,5,4,3,543,Potential Loyalists
1317,2024-08-05,2021-11-03,7,21419.34,4670.49,Corporate,West,148,21,2,2,3,223,Lost
1319,2024-10-12,2021-01-23,21,51030.64,12872.48,Corporate,East,80,11,2,4,4,244,Can't Lose
1320,2024-11-22,2021-01-25,10,17406.53,3104.6,Consumer,West,39,5,3,3,3,333,Promising
1321,2024-06-29,2022-05-21,6,4851.5,1490.8700000000001,Consumer,East,185,26,2,2,2,222,Lost
1322,2024-10-03,2021-06-08,29,34041.86,10186.34,Consumer,East,89,12,2,4,4,244,Can't Lose
1323,2024-11-19,2021-07-02,8,15004.9,3721.49,Small Business,East,42,6,3,2,3,323,Promising
1324,2023-11-05,2021-01-23,5,2760.7599999999998,824.89,Consumer,South,422,60,1,2,1,121,Lost
1325,2024-11-07,2021-01-01,90,282317.76,60638.77,Corporate,West,54,7,3,5,5,355,Loyal Customers
1326,2024-12-21,2021-03-04,9,20891.7,6314.2300000000005,Small Business,West,10,1,5,3,3,533,Potential Loyalists
1327,2023-12-19,2021-02-22,7,6609.09,1710.78,Small Business,West,378,54,1,2,2,122,Lost
1328,2024-11-06,2021-03-17,32,34178.26,8900.82,Consumer,South,55,7,3,5,4,354,Loyal Customers
1329,2024-02-28,2024-02-01,2,1248.5800000000002,250.55999999999997,Consumer,West,307,43,1,1,1,111,Lost
1330,2024-05-07,2022-05-06,2,4578.52,1251.57,Consumer,South,238,34,2,1,2,212,Lost
1331,2022-05-26,2021-03-25,7,2559.44,1037.22,Consumer,West,950,135,1,2,1,121,Lost
1332,2024-12-26,2021-01-05,12,12310.34,2756.0099999999998,Consumer,East,5,0,5,3,3,533,Potential Loyalists
1333,2023-12-02,2021-05-22,9,13990.630000000001,3954.65,Corporate,West,395,56,1,3,3,133,At Risk
1334,2024-12-21,2021-11-12,8,17703.29,3981.0099999999998,Small Business,West,10,1,5,2,3,523,Potential Loyalists
1335,2024-12-27,2021-02-21,61,138265.75,34980.090000000004,Corporate,South,4,0,5,5,5,555,Champions
1336,2024-12-10,2021-01-20,32,81809.14,17722.89,Corporate,South,21,3,4,5,5,455,Champions
1337,2024-05-21,2022-01-22,10,13307.33,3048.38,Consumer,West,224,32,2,3,3,233,At Risk
1338,2024-12-09,2021-03-06,18,28345.25,6261.65,Home Office,South,22,3,4,4,4,444,Champions
1340,2023-04-20,2021-06-24,2,4012.9300000000003,21.900000000000006,Small Business,East,621,88,1,1,2,112,Lost
1341,2024-08-09,2023-08-31,2,15981.189999999999,1183.0,Small Business,West,144,20,2,1,3,213,Lost
1342,2024-12-19,2021-01-20,20,39875.43,9525.97,Consumer,East,12,1,4,4,4,444,Champions
1343,2023-09-10,2022-03-13,4,3126.9900000000002,993.34,Consumer,South,478,68,1,2,1,121,Lost
1345,2023-02-14,2021-02-14,5,11649.81,3355.54,Corporate,West,686,98,1,2,2,122,Lost
1346,2024-11-26,2021-01-15,53,134588.5,22828.28,Small Business,West,35,5,3,5,5,355,Loyal Customers
1347,2024-12-27,2021-05-17,12,11681.51,2639.41,Consumer,East,4,0,5,3,2,532,Potential Loyalists
1348,2023-08-16,2021-03-23,5,18728.45,1956.78,Home Office,East,503,71,1,2,3,123,Lost
1349,2024-12-25,2021-01-11,174,472961.5,108593.57,Corporate,Central,6,0,5,5,5,555,Champions
1350,2023-08-18,2023-08-18,1,4676.14,1039.64,Consumer,East,501,71,1,1,2,112,Lost
1352,2024-12-30,2021-02-26,30,72527.68000000001,15564.15,Home Office,West,1,0,5,4,5,545,Champions
1353,2024-12-10,2021-09-20,11,9213.25,3094.74,Home Office,East,21,3,4,3,2,432,Potential Loyalists
1354,2024-12-24,2021-01-10,123,302460.26,70788.62,Corporate,East,7,1,5,5,5,555,Champions
1355,2023-03-04,2023-03-04,1,1064.93,481.98,Consumer,Central,668,95,1,1,1,111,Lost
1356,2024-10-13,2021-05-03,22,31509.76,6538.92,Home Office,South,79,11,2,4,4,244,Can't Lose
1357,2024-08-25,2021-08-12,12,7693.07,2414.63,Consumer,East,128,18,2,3,2,232,Lost
1358,2023-04-25,2022-01-16,2,7358.92,1957.7299999999998,Small Business,South,616,88,1,1,2,112,Lost
1359,2022-09-04,2021-05-05,2,2506.68,1025.84,Consumer,Central,849,121,1,1,1,111,Lost
1360,2024-12-15,2021-03-03,9,11505.539999999999,2978.02,Consumer,Central,16,2,4,3,2,432,Potential Loyalists
1361,2024-12-16,2021-01-10,46,135500.39,29422.23,Corporate,Central,15,2,4,5,5,455,Champions
1362,2024-12-01,2021-04-25,29,93468.67,18491.61,Corporate,Central,30,4,3,4,5,345,Loyal Customers
1363,2024-12-20,2021-01-27,145,340052.42,83112.14,Corporate,South,11,1,4,5,5,455,Champions
1364,2024-12-21,2021-01-10,76,183997.77,44890.5,Corporate,West,10,1,5,5,5,555,Champions
1366,2024-12-08,2021-02-15,14,29900.739999999998,6706.62,Corporate,West,23,3,4,3,4,434,Potential Loyalists
1367,2024-12-15,2021-01-07,41,106353.56,17774.34,Corporate,East,16,2,4,5,5,455,Champions
1368,2024-12-30,2021-02-01,92,213008.12,48525.89,Corporate,Central,1,0,5,5,5,555,Champions
1369,2024-12-11,2021-05-30,22,25581.36,4605.39,Consumer,East,20,2,4,4,3,443,Potential Loyalists
1370,2024-12-25,2021-06-25,29,82054.36,23001.31,Corporate,West,6,0,5,4,5,545,Champions
1372,2024-11-08,2021-05-01,26,70327.6,14605.54,Corporate,East,53,7,3,4,5,345,Loyal Customers
1373,2024-11-24,2021-01-17,6,5362.4400000000005,1551.67,Consumer,Central,37,5,3,2,2,322,Hibernating
1374,2024-12-03,2021-10-25,4,6399.65,1794.26,Small Business,Central,28,4,4,2,2,422,Promising
1375,2024-12-29,2021-01-03,218,561241.86,134735.95,Corporate,West,2,0,5,5,5,555,Champions
1376,2024-11-15,2021-02-08,58,140363.02,34865.94,Small Business,East,46,6,3,5,5,355,Loyal Customers
1377,2022-08-28,2022-01-10,3,13240.599999999999,97.67000000000004,Corporate,West,856,122,1,1,3,113,Lost
1378,2024-11-26,2022-04-24,5,3469.7799999999997,1028.33,Consumer,West,35,5,3,2,1,321,Hibernating
1379,2024-12-24,2021-03-15,16,19652.72,6207.77,Home Office,Central,7,1,5,4,3,543,Potential Loyalists
1380,2024-12-15,2021-02-05,69,173878.22,45402.91,Corporate,West,16,2,4,5,5,455,Champions
1381,2024-10-30,2021-11-23,2,3431.6800000000003,521.82,Home Office,West,62,8,3,1,1,311,Hibernating
1382,2024-12-17,2021-02-03,74,177568.07,34567.61,Corporate,West,14,2,4,5,5,455,Champions
1383,2024-11-07,2021-01-22,41,120324.95999999999,29596.97,Corporate,South,54,7,3,5,5,355,Loyal Customers
1384,2024-12-21,2021-09-01,36,92700.99,21685.1,Small Business,Central,10,1,5,5,5,555,Champions
1385,2024-12-27,2021-10-11,3,12757.859999999999,2537.96,Corporate,West,4,0,5,1,3,513,Potential Loyalists
1386,2024-04-23,2021-01-29,8,9848.59,3298.71,Consumer,West,252,36,2,2,2,222,Lost
1387,2024-11-14,2021-08-20,6,2700.65,732.11,Home Office,East,47,6,3,2,1,321,Hibernating
1388,2024-11-05,2021-04-09,12,17193.26,4865.3,Home Office,South,56,8,3,3,3,333,Promising
1389,2024-12-21,2021-03-11,31,69482.0,15759.22,Small Business,West,10,1,5,4,5,545,Champions
1390,2024-06-04,2021-06-26,2,3813.36,1177.67,Consumer,East,210,30,2,1,1,211,Lost
1391,2024-12-18,2021-06-03,15,37824.07,9717.17,Corporate,South,13,1,4,3,4,434,Potential Loyalists
1392,2024-12-20,2021-10-31,3,4101.39,904.87,Home Office,Central,11,1,4,1,2,412,Promising
1393,2024-11-28,2021-02-01,51,123983.68000000001,29452.88,Corporate,East,33,4,3,5,5,355,Loyal Customers
1394,2022-02-06,2022-02-06,1,4027.5,1490.2,Home Office,East,1059,151,1,1,2,112,Lost
1395,2024-10-15,2021-03-03,5,9400.72,2651.85,Corporate,East,77,11,2,2,2,222,Lost
1396,2024-05-14,2022-08-25,2,1875.97,413.79,Consumer,Central,231,33,2,1,1,211,Lost
1397,2024-10-22,2021-10-07,31,62571.36,17632.07,Home Office,East,70,10,3,4,4,344,Loyal Customers
1398,2024-09-15,2021-12-06,7,12578.24,2729.86,Consumer,South,107,15,2,2,3,223,Lost
1399,2024-11-11,2021-11-17,14,12378.4,2812.2799999999997,Consumer,South,50,7,3,3,3,333,Promising
1400,2022-03-21,2022-03-21,1,4313.62,1497.51,Corporate,West,1016,145,1,1,2,112,Lost
1401,2024-11-29,2021-03-27,17,18595.57,4220.36,Home Office,Central,32,4,3,4,3,343,Promising
1402,2024-11-26,2021-03-14,48,112459.03,21243.83,Small Business,West,35,5,3,5,5,355,Loyal Customers
1403,2024-09-20,2021-04-12,6,7229.200000000001,1851.54,Consumer,East,102,14,2,2,2,222,Lost
1404,2024-12-27,2022-06-26,7,8288.96,2327.04,Consumer,Central,4,0,5,2,2,522,Promising
1405,2024-03-17,2021-05-11,6,11565.35,2965.14,Small Business,East,289,41,1,2,2,122,Lost
1406,2024-12-09,2024-03-23,3,1746.1000000000001,391.74,Consumer,East,22,3,4,1,1,411,Promising
1407,2024-03-23,2021-06-13,4,3023.7999999999997,1102.26,Consumer,West,283,40,1,2,1,121,Lost
1408,2024-01-29,2021-02-07,3,7640.6900000000005,821.8900000000001,Consumer,East,337,48,1,1,2,112,Lost
1409,2024-12-07,2023-11-02,3,15559.19,3522.25,Corporate,West,24,3,4,1,3,413,Potential Loyalists
1410,2024-01-16,2021-09-06,2,4301.24,1437.49,Small Business,Central,350,50,1,1,2,112,Lost
1411,2024-12-19,2021-01-29,27,61908.62,12965.3,Home Office,South,12,1,4,4,4,444,Champions
1412,2024-11-11,2021-08-29,21,38310.75,6383.32,Home Office,Central,50,7,3,4,4,344,Loyal Customers
1413,2024-06-23,2021-04-11,8,12812.86,4288.6,Consumer,South,191,27,2,2,3,223,Lost
1414,2024-02-20,2021-12-01,3,1794.05,664.4499999999999,Consumer,West,315,45,1,1,1,111,Lost
1415,2024-10-09,2021-01-10,72,150205.86,38967.28,Corporate,South,83,11,2,5,5,255,Can't Lose
1416,2024-12-18,2021-03-20,33,30749.71,5894.99,Consumer,West,13,1,4,5,4,454,Champions
1417,2023-05-24,2021-02-15,8,12647.230000000001,2615.52,Consumer,East,587,83,1,2,3,123,Lost
1418,2023-04-28,2021-04-29,2,502.68,126.12,Consumer,South,613,87,1,1,1,111,Lost
1419,2024-06-12,2021-01-02,12,17531.41,5797.900000000001,Consumer,West,202,28,2,3,3,233,At Risk
1420,2024-12-30,2021-01-19,59,139687.33,37133.08,Corporate,East,1,0,5,5,5,555,Champions
1422,2022-10-26,2021-03-14,4,5613.55,208.50000000000006,Consumer,West,797,113,1,2,2,122,Lost
1423,2024-12-08,2021-05-08,35,96276.19,24410.88,Corporate,West,23,3,4,5,5,455,Champions
1424,2024-12-29,2024-11-05,2,1709.65,655.13,Home Office,West,2,0,5,1,1,511,New Customers
1425,2023-07-30,2021-08-31,4,13083.12,4022.33,Home Office,South,520,74,1,2,3,123,Lost
1426,2022-04-06,2021-03-30,2,6038.84,724.06,Home Office,West,1000,142,1,1,2,112,Lost
1427,2024-12-03,2021-04-01,15,48428.3,9315.3,Corporate,West,28,4,4,3,4,434,Potential Loyalists
1428,2024-12-31,2021-03-25,82,140335.2,32022.44,Home Office,West,0,0,5,5,5,555,Champions
1429,2024-12-24,2021-06-27,3,3133.7,488.92,Consumer,South,7,1,5,1,1,511,Promising
1431,2024-06-09,2024-06-09,1,5646.18,1636.58,Consumer,East,205,29,2,1,2,212,Lost
1432,2024-12-13,2021-07-03,12,41011.92,6424.84,Corporate,West,18,2,4,3,4,434,Potential Loyalists
1433,2024-01-26,2021-03-16,2,1438.38,430.84000000000003,Consumer,Central,340,48,1,1,1,111,Lost
1435,2024-12-14,2021-09-18,14,13254.58,3800.24,Home Office,Central,17,2,4,3,3,433,Potential Loyalists
1436,2024-12-03,2021-01-27,20,24511.37,4957.6,Consumer,South,28,4,4,4,3,443,Potential Loyalists
1437,2024-12-01,2021-05-22,29,42530.38,8901.77,Consumer,West,30,4,3,4,4,344,Loyal Customers
1438,2023-07-24,2021-06-04,4,5237.32,1835.04,Consumer,East,526,75,1,2,2,122,Lost
1439,2024-08-31,2021-02-12,7,19902.23,5677.46,Corporate,East,122,17,2,2,3,223,Lost
1440,2024-11-09,2021-08-07,5,2889.69,949.8199999999999,Consumer,East,52,7,3,2,1,321,Hibernating
1442,2024-12-29,2021-01-05,28,20488.8,5246.88,Consumer,West,2,0,5,4,3,543,Potential Loyalists
1443,2024-12-23,2021-01-14,16,24673.49,5161.42,Home Office,West,8,1,5,4,3,543,Potential Loyalists
1444,2022-06-14,2021-11-08,2,6283.49,2032.75,Small Business,West,931,133,1,1,2,112,Lost
1445,2023-12-16,2021-11-19,5,5696.49,2080.76,Corporate,West,381,54,1,2,2,122,Lost
1446,2024-11-18,2023-04-27,2,3725.0499999999997,1097.21,Corporate,Central,43,6,3,1,1,311,Hibernating
1447,2024-06-27,2021-10-23,13,29618.47,5945.32,Small Business,Central,187,26,2,3,4,234,At Risk
1448,2023-03-05,2021-05-28,2,3309.47,634.27,Small Business,West,667,95,1,1,1,111,Lost
1449,2024-11-06,2021-01-02,37,93725.94,27475.29,Corporate,West,55,7,3,5,5,355,Loyal Customers
1450,2024-11-03,2021-03-23,38,90162.89,24017.08,Small Business,Central,58,8,3,5,5,355,Loyal Customers
1451,2023-06-12,2022-02-13,4,4299.32,971.5699999999999,Small Business,Central,568,81,1,2,2,122,Lost
1452,2024-12-18,2021-01-06,13,26052.0,6513.7,Home Office,West,13,1,4,3,3,433,Potential Loyalists
1453,2022-01-14,2022-01-14,1,136.49,19.61,Corporate,West,1082,154,1,1,1,111,Lost
1454,2022-10-22,2022-10-22,1,372.74,132.9,Consumer,Central,801,114,1,1,1,111,Lost
1455,2024-12-31,2021-06-06,10,15065.49,4451.61,Consumer,Central,0,0,5,3,3,533,Potential Loyalists
1456,2024-08-21,2022-06-02,5,21036.239999999998,3357.45,Corporate,East,132,18,2,2,3,223,Lost
1457,2024-03-14,2021-07-09,5,7418.26,2560.65,Corporate,West,292,41,1,2,2,122,Lost
1458,2024-10-25,2021-01-19,11,36306.93,6217.37,Corporate,South,67,9,3,3,4,334,Promising
1459,2024-10-31,2022-01-02,19,44664.090000000004,13210.5,Corporate,East,61,8,3,4,4,344,Loyal Customers
1460,2024-12-18,2021-01-20,25,48408.31,13646.539999999999,Corporate,South,13,1,4,4,4,444,Champions
1461,2024-11-01,2021-09-15,13,19080.170000000002,5012.58,Home Office,East,60,8,3,3,3,333,Promising
1462,2024-08-28,2024-08-28,1,1302.4099999999999,228.63,Consumer,West,125,17,2,1,1,211,Lost
1463,2024-11-03,2021-03-07,25,25795.03,7202.22,Consumer,West,58,8,3,4,3,343,Promising
1464,2024-11-07,2022-06-29,6,10254.26,3538.87,Home Office,East,54,7,3,2,2,322,Hibernating
1465,2024-06-03,2021-10-08,6,4612.52,1660.17,Home Office,South,211,30,2,2,2,222,Lost
1466,2024-12-21,2021-05-23,21,55576.33,7197.69,Small Business,West,10,1,5,4,4,544,Champions
1467,2024-11-28,2021-02-12,24,47021.38,12763.7,Small Business,South,33,4,3,4,4,344,Loyal Customers
1468,2024-12-30,2021-01-04,86,147916.36000000002,37217.46,Small Business,West,1,0,5,5,5,555,Champions
1469,2021-09-26,2021-09-26,1,348.87,118.18,Consumer,South,1192,170,1,1,1,111,Lost
1470,2024-02-27,2021-11-24,5,7517.07,1621.52,Corporate,South,308,44,1,2,2,122,Lost
1471,2024-12-10,2021-01-01,75,98173.44,21576.59,Consumer,West,21,3,4,5,5,455,Champions
1472,2024-12-28,2021-01-11,104,273534.31,65462.58,Corporate,East,3,0,5,5,5,555,Champions
1473,2021-12-20,2021-12-20,1,110.46,32.89,Small Business,Central,1107,158,1,1,1,111,Lost
1474,2024-11-20,2021-04-11,8,4372.08,1134.39,Consumer,West,41,5,3,2,2,322,Hibernating
1475,2024-12-11,2021-01-30,21,56360.12,11426.62,Corporate,South,20,2,4,4,4,444,Champions
1476,2024-10-05,2022-07-10,11,12954.27,3387.71,Consumer,West,87,12,2,3,3,233,At Risk
1477,2024-12-26,2021-01-15,63,68256.92,18095.19,Consumer,East,5,0,5,5,5,555,Champions
1479,2024-10-13,2021-01-14,19,42106.34,6349.45,Consumer,Central,79,11,2,4,4,244,Can't Lose
1480,2024-11-28,2021-03-06,23,34026.68,9239.18,Small Business,South,33,4,3,4,4,344,Loyal Customers
1481,2024-12-15,2021-01-02,73,173178.22,49342.51,Corporate,East,16,2,4,5,5,455,Champions
1482,2023-11-10,2021-10-04,11,16567.88,2705.79,Home Office,Central,417,59,1,3,3,133,At Risk
1483,2024-11-01,2021-02-20,3,6679.59,595.1299999999999,Home Office,South,60,8,3,1,2,312,Hibernating
1484,2024-12-18,2021-01-17,46,52614.44,14616.880000000001,Consumer,East,13,1,4,5,4,454,Champions
1485,2023-12-18,2021-03-20,8,7288.469999999999,1984.24,Consumer,East,379,54,1,2,2,122,Lost
1486,2024-12-01,2021-01-02,32,66063.97,11864.71,Home Office,Central,30,4,3,5,5,355,Loyal Customers
1487,2023-10-09,2023-10-09,1,2550.45,565.9,Consumer,Central,449,64,1,1,1,111,Lost
1488,2024-11-21,2021-03-13,54,106875.55,28262.05,Small Business,East,40,5,3,5,5,355,Loyal Customers
1489,2024-09-30,2021-01-12,14,9566.96,2700.42,Consumer,South,92,13,2,3,2,232,Lost
1490,2024-11-18,2021-08-28,24,34465.38,9323.07,Home Office,West,43,6,3,4,4,344,Loyal Customers
1491,2024-12-22,2021-05-30,5,12710.589999999998,387.38,Home Office,South,9,1,5,2,3,523,Potential Loyalists
1492,2024-10-21,2024-10-21,1,22.0,9.9,Consumer,South,71,10,3,1,1,311,Hibernating
1493,2024-11-27,2021-05-08,12,19676.13,4274.09,Consumer,South,34,4,3,3,3,333,Promising
1494,2024-12-22,2021-08-25,10,16236.44,3920.97,Small Business,West,9,1,5,3,3,533,Potential Loyalists
1495,2024-12-07,2021-06-04,11,6778.43,2249.77,Consumer,East,24,3,4,3,2,432,Potential Loyalists
1496,2024-11-08,2021-02-04,8,8285.11,2767.5099999999998,Corporate,West,53,7,3,2,2,322,Hibernating
1497,2024-12-11,2021-01-10,42,169769.25,39381.33,Corporate,East,20,2,4,5,5,455,Champions
1498,2024-08-21,2021-05-11,2,3385.89,751.53,Consumer,Central,132,18,2,1,1,211,Lost
1499,2024-12-16,2021-06-18,18,37394.79,5631.74,Home Office,East,15,2,4,4,4,444,Champions
1500,2024-10-27,2021-02-08,51,67679.67,13620.41,Home Office,West,65,9,3,5,5,355,Loyal Customers
1501,2024-12-24,2021-03-12,27,40931.42,9584.65,Consumer,East,7,1,5,4,4,544,Champions
1502,2024-12-11,2021-10-23,13,18804.79,5922.22,Home Office,West,20,2,4,3,3,433,Potential Loyalists
1505,2024-12-25,2021-03-03,72,208699.62,54860.28,Corporate,South,6,0,5,5,5,555,Champions
1506,2024-12-13,2021-05-08,10,17075.42,4779.91,Small Business,East,18,2,4,3,3,433,Potential Loyalists
1508,2024-12-14,2021-05-08,34,40990.01,11524.9,Consumer,South,17,2,4,5,4,454,Champions
1509,2024-12-03,2021-01-02,8,23135.24,5113.34,Corporate,West,28,4,4,2,3,423,Potential Loyalists
1511,2021-11-02,2021-11-02,1,432.96,133.41,Consumer,West,1155,165,1,1,1,111,Lost
1512,2022-02-22,2021-04-17,2,2351.6499999999996,686.27,Consumer,East,1043,149,1,1,1,111,Lost
1513,2023-10-27,2022-03-17,4,5182.77,1377.97,Home Office,West,431,61,1,2,2,122,Lost
1514,2024-08-26,2021-01-02,21,19710.28,5786.13,Consumer,East,127,18,2,4,3,243,At Risk
1515,2024-12-24,2021-11-14,2,686.5799999999999,174.84,Consumer,South,7,1,5,1,1,511,New Customers
1516,2024-12-09,2021-05-21,11,10334.36,2042.48,Consumer,South,22,3,4,3,2,432,Potential Loyalists
1517,2024-11-12,2021-05-10,43,109647.64,18658.43,Corporate,South,49,7,3,5,5,355,Loyal Customers
1518,2024-11-28,2021-04-01,42,121282.01,26024.63,Corporate,West,33,4,3,5,5,355,Loyal Customers
1519,2024-12-12,2021-01-17,29,70720.35,15833.49,Small Business,West,19,2,4,4,5,445,Champions
1520,2024-12-04,2021-02-10,49,115797.03,29871.56,Corporate,South,27,3,4,5,5,455,Champions
1521,2024-11-30,2021-12-16,4,2852.8399999999997,1006.44,Home Office,East,31,4,3,2,1,321,Hibernating
1522,2024-12-18,2021-01-16,59,123529.52,27629.08,Small Business,East,13,1,4,5,5,455,Champions
1523,2024-12-31,2021-01-08,69,182393.72,41108.76,Corporate,West,0,0,5,5,5,555,Champions
1524,2024-11-20,2021-05-20,14,32532.18,3641.6299999999997,Corporate,West,41,5,3,3,4,334,Promising
1526,2021-09-09,2021-06-13,2,546.72,177.32,Consumer,East,1209,172,1,1,1,111,Lost
1527,2024-11-22,2021-01-01,19,23041.67,5472.8099999999995,Home Office,Central,39,5,3,4,3,343,Promising
1528,2024-12-14,2021-06-02,12,8955.93,1953.83,Home Office,East,17,2,4,3,2,432,Potential Loyalists
1529,2021-03-16,2021-03-16,1,885.86,243.54,Consumer,East,1386,198,1,1,1,111,Lost
1530,2024-08-09,2021-01-21,18,37033.55,8474.66,Corporate,East,144,20,2,4,4,244,Can't Lose
1531,2024-12-13,2021-02-11,13,17003.05,5530.3099999999995,Consumer,West,18,2,4,3,3,433,Potential Loyalists
1532,2024-03-14,2021-01-06,8,10503.0,3018.8199999999997,Consumer,South,292,41,1,2,2,122,Lost
1533,2024-12-21,2021-02-08,45,97459.44,24867.46,Corporate,West,10,1,5,5,5,555,Champions
1534,2024-12-28,2021-11-09,20,19744.7,4690.51,Consumer,Central,3,0,5,4,3,543,Potential Loyalists
1535,2024-12-10,2021-06-10,16,22280.87,5625.65,Home Office,Central,21,3,4,4,3,443,Potential Loyalists
1537,2024-12-21,2021-03-01,22,46729.64,12705.35,Home Office,South,10,1,5,4,4,544,Champions
1538,2024-09-20,2021-05-08,3,4737.72,1661.83,Consumer,Central,102,14,2,1,2,212,Lost
1539,2024-11-29,2022-01-16,6,11392.460000000001,2149.77,Consumer,West,32,4,3,2,2,322,Hibernating
1540,2024-12-26,2022-09-04,12,18363.510000000002,4121.1,Consumer,East,5,0,5,3,3,533,Potential Loyalists
1541,2023-12-25,2021-04-26,6,7302.4,1665.8,Consumer,East,372,53,1,2,2,122,Lost
1542,2024-12-27,2021-05-09,28,80180.8,19931.16,Small Business,South,4,0,5,4,5,545,Champions
1543,2024-12-22,2021-01-05,68,165706.9,39559.93,Corporate,South,9,1,5,5,5,555,Champions
1544,2024-11-06,2021-11-23,4,10125.46,1166.87,Consumer,South,55,7,3,2,2,322,Hibernating
1545,2023-11-15,2023-11-15,1,864.8299999999999,227.24,Home Office,South,412,58,1,1,1,111,Lost
1546,2024-12-02,2021-03-08,21,22255.59,5737.25,Consumer,East,29,4,4,4,3,443,Potential Loyalists
1547,2021-10-09,2021-03-31,2,2672.92,844.4200000000001,Consumer,South,1179,168,1,1,1,111,Lost
1548,2024-12-07,2022-01-20,8,11226.07,3626.51,Consumer,West,24,3,4,2,2,422,Promising
1549,2024-12-18,2021-01-07,23,46084.39,11452.67,Corporate,South,13,1,4,4,4,444,Champions
1550,2024-12-28,2023-04-24,9,8060.75,2779.36,Home Office,East,3,0,5,3,2,532,Potential Loyalists
1551,2024-12-23,2021-04-19,36,45559.92,12636.2,Consumer,West,8,1,5,5,4,554,Champions
1552,2024-12-25,2021-01-23,104,216479.67,56819.56,Small Business,Central,6,0,5,5,5,555,Champions
1553,2024-12-18,2021-01-06,167,386160.45,87980.79,Small Business,South,13,1,4,5,5,455,Champions
1554,2024-12-22,2021-03-12,14,26707.510000000002,4962.25,Home Office,Central,9,1,5,3,4,534,Potential Loyalists
1555,2024-12-22,2021-05-02,31,33888.78,9919.87,Consumer,West,9,1,5,4,4,544,Champions
1557,2024-12-29,2021-01-03,51,104826.71,23993.45,Small Business,South,2,0,5,5,5,555,Champions
1559,2024-12-17,2021-09-13,15,32056.190000000002,5203.62,Corporate,West,14,2,4,3,4,434,Potential Loyalists
1560,2024-11-01,2021-04-04,18,16248.04,4798.51,Home Office,West,60,8,3,4,3,343,Promising
1562,2024-12-11,2021-03-16,23,51458.2,12998.210000000001,Home Office,West,20,2,4,4,4,444,Champions
1563,2024-07-27,2021-04-27,6,5636.030000000001,1851.04,Small Business,West,157,22,2,2,2,222,Lost
1564,2023-04-25,2023-04-17,2,3931.66,1038.88,Home Office,South,616,88,1,1,2,112,Lost
1565,2024-06-03,2021-06-02,7,15020.6,4117.76,Corporate,South,211,30,2,2,3,223,Lost
1566,2024-02-02,2021-11-01,5,9244.05,2699.59,Small Business,South,333,47,1,2,2,122,Lost
1567,2024-12-27,2021-01-17,73,199946.51,48645.96,Corporate,West,4,0,5,5,5,555,Champions
1568,2024-11-16,2021-02-01,16,23626.33,4773.2300000000005,Home Office,West,45,6,3,4,3,343,Promising
1569,2024-12-01,2021-03-09,22,36601.09,8394.08,Home Office,Central,30,4,3,4,4,344,Loyal Customers
1570,2024-08-21,2021-08-14,10,7621.54,1858.9899999999998,Home Office,South,132,18,2,3,2,232,Lost
1571,2024-10-28,2021-03-08,9,6324.33,1669.09,Consumer,West,64,9,3,3,2,332,Promising
1572,2024-12-05,2021-02-05,30,33144.23,9013.95,Consumer,Central,26,3,4,4,4,444,Champions
1573,2024-11-12,2021-04-08,14,18694.97,5725.5,Consumer,Central,49,7,3,3,3,333,Promising
1574,2024-09-21,2021-02-08,10,29753.03,3808.2400000000002,Corporate,Central,101,14,2,3,4,234,At Risk
1575,2024-11-29,2021-04-03,18,37466.91,10673.71,Corporate,Central,32,4,3,4,4,344,Loyal Customers
1576,2024-12-07,2021-03-09,32,64441.63,18108.89,Corporate,East,24,3,4,5,5,455,Champions
1577,2024-11-17,2024-11-17,1,761.12,303.61,Consumer,West,44,6,3,1,1,311,Hibernating
1578,2024-12-23,2021-02-25,64,106317.54000000001,28132.22,Home Office,Central,8,1,5,5,5,555,Champions
1579,2024-06-09,2021-03-27,16,32074.27,8726.1,Small Business,East,205,29,2,4,4,244,Can't Lose
1580,2024-06-26,2021-03-07,14,19276.73,5909.43,Consumer,South,188,26,2,3,3,233,At Risk
1581,2024-11-19,2021-01-03,39,60383.17,17208.66,Home Office,Central,42,6,3,5,4,354,Loyal Customers
1582,2024-11-24,2021-01-09,14,30903.86,7618.96,Home Office,East,37,5,3,3,4,334,Promising
1583,2024-09-02,2021-01-28,10,23209.8,6297.58,Corporate,South,120,17,2,3,3,233,At Risk
1584,2024-11-10,2021-03-11,19,31971.2,6278.38,Consumer,Central,51,7,3,4,4,344,Loyal Customers
1585,2024-12-08,2022-07-01,4,16071.35,3463.71,Home Office,Central,23,3,4,2,3,423,Potential Loyalists
1586,2024-09-04,2022-07-10,3,3725.04,992.3199999999999,Small Business,West,118,16,2,1,1,211,Lost
1587,2024-12-21,2021-02-16,15,34856.02,7784.74,Home Office,South,10,1,5,3,4,534,Potential Loyalists
1588,2024-12-11,2021-01-03,70,161248.95,39470.25,Small Business,West,20,2,4,5,5,455,Champions
1589,2024-12-09,2021-01-14,35,76481.19,16629.88,Small Business,West,22,3,4,5,5,455,Champions
1590,2024-12-07,2021-10-11,6,4743.71,1392.14,Consumer,East,24,3,4,2,2,422,Promising
1591,2024-12-17,2021-05-15,10,19698.420000000002,4838.78,Corporate,Central,14,2,4,3,3,433,Potential Loyalists
1592,2022-02-20,2022-02-20,1,678.54,289.14,Corporate,Central,1045,149,1,1,1,111,Lost
1593,2024-12-14,2021-02-24,32,69270.52,21099.49,Small Business,West,17,2,4,5,5,455,Champions
1594,2024-11-14,2024-11-14,1,2013.4700000000003,717.45,Consumer,West,47,6,3,1,1,311,Hibernating
1595,2024-11-13,2021-02-27,42,92623.13,23426.39,Corporate,South,48,6,3,5,5,355,Loyal Customers
1596,2024-11-24,2023-01-06,3,5658.639999999999,2120.2,Small Business,Central,37,5,3,1,2,312,Hibernating
1597,2024-08-18,2021-02-22,9,17587.19,1813.4,Consumer,West,135,19,2,3,3,233,At Risk
1598,2024-12-18,2021-04-28,12,17218.76,3901.7,Home Office,South,13,1,4,3,3,433,Potential Loyalists
1599,2024-07-27,2021-02-05,8,5015.51,861.0999999999999,Consumer,Central,157,22,2,2,2,222,Lost
1600,2024-12-19,2021-03-05,42,100319.93000000001,20301.17,Small Business,South,12,1,4,5,5,455,Champions
1601,2024-12-13,2021-04-30,21,53934.7,12086.26,Small Business,South,18,2,4,4,4,444,Champions
1602,2024-12-18,2021-04-20,24,28389.24,7996.56,Consumer,South,13,1,4,4,4,444,Champions
1603,2024-12-30,2021-04-22,9,13215.47,3644.25,Home Office,Central,1,0,5,3,3,533,Potential Loyalists
1604,2024-12-21,2021-08-27,12,7144.51,2065.3199999999997,Consumer,Central,10,1,5,3,2,532,Potential Loyalists
1605,2024-11-28,2022-11-21,4,14119.91,3233.72,Corporate,East,33,4,3,2,3,323,Promising
1606,2024-04-14,2022-09-22,5,14129.24,3780.0499999999997,Home Office,West,261,37,2,2,3,223,Lost
1607,2024-05-15,2021-04-18,8,11751.96,3904.77,Home Office,Central,230,32,2,2,2,222,Lost
1608,2021-11-07,2021-11-07,1,150.64,23.74,Consumer,West,1150,164,1,1,1,111,Lost
1610,2024-12-10,2021-01-12,11,26839.6,8569.62,Home Office,East,21,3,4,3,4,434,Potential Loyalists
1611,2024-12-23,2021-01-09,121,296471.48,65123.68,Corporate,West,8,1,5,5,5,555,Champions
1612,2024-12-31,2021-02-17,20,60232.58,14444.24,Corporate,West,0,0,5,4,4,544,Champions
1614,2024-12-31,2021-10-16,3,2219.9700000000003,781.59,Consumer,East,0,0,5,1,1,511,Promising
1615,2024-12-19,2021-12-24,13,42200.049999999996,9659.19,Small Business,East,12,1,4,3,4,434,Potential Loyalists
1616,2024-10-25,2021-04-14,18,29931.51,7983.15,Consumer,South,67,9,3,4,4,344,Loyal Customers
1617,2024-10-26,2023-12-22,3,3235.79,864.78,Consumer,West,66,9,3,1,1,311,Hibernating
1618,2024-11-12,2021-04-12,14,32403.42,8661.220000000001,Small Business,East,49,7,3,3,4,334,Promising
1619,2023-06-21,2021-07-23,3,1085.8899999999999,311.75,Consumer,East,559,79,1,1,1,111,Lost
1620,2024-12-28,2021-02-17,43,47817.23,11248.48,Home Office,West,3,0,5,5,4,554,Champions
1621,2023-09-24,2021-03-29,3,3758.88,1265.09,Consumer,East,464,66,1,1,1,111,Lost
1622,2024-10-07,2024-10-07,1,3745.19,1210.56,Small Business,Central,85,12,2,1,1,211,Lost
1623,2024-12-23,2021-01-21,45,70622.1,16977.83,Home Office,South,8,1,5,5,5,555,Champions
1624,2023-01-13,2021-09-13,2,4793.27,1293.65,Small Business,East,718,102,1,1,2,112,Lost
1625,2024-11-01,2023-09-03,2,2060.07,667.4000000000001,Consumer,Central,60,8,3,1,1,311,Hibernating
1627,2024-10-21,2022-10-11,6,9020.56,2907.69,Home Office,West,71,10,3,2,2,322,Hibernating
1628,2024-02-28,2022-04-25,2,1493.06,416.63,Consumer,South,307,43,1,1,1,111,Lost
1629,2024-05-03,2021-12-30,7,3548.06,1118.42,Consumer,West,242,34,2,2,1,221,Lost
1630,2024-05-15,2022-09-29,3,2461.19,861.6999999999999,Consumer,South,230,32,2,1,1,211,Lost
1632,2024-09-07,2022-10-22,3,2030.7400000000002,572.87,Home Office,West,115,16,2,1,1,211,Lost
1633,2024-12-16,2021-07-05,41,96930.26,25099.88,Corporate,West,15,2,4,5,5,455,Champions
1634,2024-12-07,2021-08-22,14,20213.190000000002,5131.6,Home Office,West,24,3,4,3,3,433,Potential Loyalists
1635,2024-12-20,2021-01-29,72,184305.27,41270.95,Corporate,South,11,1,4,5,5,455,Champions
1636,2024-12-14,2021-01-20,30,81891.06999999999,21471.08,Corporate,East,17,2,4,4,5,445,Champions
1637,2024-10-03,2021-03-20,3,4927.65,1737.74,Corporate,South,89,12,2,1,2,212,Lost
1638,2024-11-22,2021-03-02,60,144436.24,36334.69,Corporate,South,39,5,3,5,5,355,Loyal Customers
1639,2023-02-10,2021-07-01,3,1247.92,342.59000000000003,Consumer,West,690,98,1,1,1,111,Lost
1640,2024-12-04,2021-02-27,21,45750.79,12080.36,Small Business,West,27,3,4,4,4,444,Champions
1641,2024-11-26,2021-02-09,21,30126.48,8167.92,Home Office,West,35,5,3,4,4,344,Loyal Customers
1642,2024-12-28,2021-05-10,22,29034.579999999998,4406.5,Consumer,West,3,0,5,4,4,544,Champions
1643,2024-09-11,2021-10-03,4,12744.45,2107.29,Corporate,South,111,15,2,2,3,223,Lost
1644,2021-05-15,2021-05-15,1,81.43,16.85,Consumer,West,1326,189,1,1,1,111,Lost
1645,2024-12-22,2021-03-20,36,73414.1,17900.24,Small Business,South,9,1,5,5,5,555,Champions
1646,2022-01-28,2022-01-28,1,2677.84,513.39,Small Business,Central,1068,152,1,1,1,111,Lost
1647,2024-08-18,2021-09-02,9,16721.88,5593.1,Small Business,West,135,19,2,3,3,233,At Risk
1648,2024-12-20,2021-08-02,17,15070.33,4263.37,Consumer,Central,11,1,4,4,3,443,Potential Loyalists
1649,2024-07-07,2024-07-07,1,295.3,117.2,Consumer,West,177,25,2,1,1,211,Lost
1650,2024-10-06,2021-06-15,2,3363.3,722.48,Consumer,South,86,12,2,1,1,211,Lost
1652,2021-11-03,2021-11-03,1,743.6,200.83999999999997,Consumer,South,1154,164,1,1,1,111,Lost
1653,2024-08-17,2021-12-21,12,10146.34,2476.93,Consumer,South,136,19,2,3,2,232,Lost
1654,2024-12-23,2021-01-18,8,12372.59,3878.39,Small Business,South,8,1,5,2,3,523,Potential Loyalists
1655,2023-02-23,2021-09-10,3,7511.039999999999,2684.96,Consumer,West,677,96,1,1,2,112,Lost
1656,2024-12-21,2021-11-05,9,13346.45,4165.4400000000005,Consumer,South,10,1,5,3,3,533,Potential Loyalists
1657,2024-12-17,2021-03-11,4,6316.81,1401.7900000000002,Home Office,West,14,2,4,2,2,422,Promising
1658,2024-08-20,2021-01-23,6,4734.6900000000005,1251.76,Corporate,Central,133,19,2,2,2,222,Lost
1659,2024-09-13,2021-03-01,18,18598.47,4732.74,Home Office,East,109,15,2,4,3,243,At Risk
1660,2024-10-18,2021-01-12,21,44727.24,8790.99,Corporate,West,74,10,3,4,4,344,Loyal Customers
1661,2023-10-22,2021-09-01,2,1821.1399999999999,270.61,Small Business,West,436,62,1,1,1,111,Lost
1662,2024-12-15,2021-06-15,34,81957.63,20055.15,Corporate,West,16,2,4,5,5,455,Champions
1663,2024-12-27,2021-01-04,47,113474.1,29055.24,Corporate,West,4,0,5,5,5,555,Champions
1664,2023-04-11,2022-06-11,2,3597.5400000000004,1223.6000000000001,Home Office,South,630,90,1,1,1,111,Lost
1665,2024-10-12,2021-03-27,7,38716.47,7774.59,Corporate,East,80,11,2,2,4,224,Lost
1666,2022-04-19,2022-04-19,1,2480.9500000000003,593.5,Consumer,Central,987,141,1,1,1,111,Lost
1667,2024-06-01,2021-10-30,7,16357.74,2069.73,Corporate,East,213,30,2,2,3,223,Lost
1668,2024-12-08,2021-05-02,11,24756.59,8234.19,Consumer,South,23,3,4,3,3,433,Potential Loyalists
1669,2024-11-28,2021-07-08,23,38793.39,12014.11,Home Office,South,33,4,3,4,4,344,Loyal Customers
1670,2024-10-25,2021-07-03,10,14496.93,2021.19,Consumer,West,67,9,3,3,3,333,Promising
1671,2024-06-07,2021-01-20,14,14945.49,4435.34,Consumer,Central,207,29,2,3,3,233,At Risk
1672,2024-11-26,2024-01-07,2,1047.96,367.56,Consumer,South,35,5,3,1,1,311,Hibernating
1673,2024-03-20,2023-11-14,3,3243.41,940.83,Home Office,South,286,40,1,1,1,111,Lost
1674,2024-12-20,2023-04-27,2,594.74,236.73,Consumer,West,11,1,4,1,1,411,New Customers
1675,2024-03-27,2021-02-16,5,2529.29,471.63,Home Office,West,279,39,1,2,1,121,Lost
1676,2024-12-28,2021-01-29,40,93833.63,22188.18,Small Business,South,3,0,5,5,5,555,Champions
1677,2024-05-20,2021-12-29,9,9801.85,1936.67,Consumer,West,225,32,2,3,2,232,Lost
1678,2024-12-11,2023-05-07,2,1964.44,585.29,Home Office,South,20,2,4,1,1,411,New Customers
1679,2024-11-30,2021-03-10,35,51514.44,11706.470000000001,Consumer,West,31,4,3,5,4,354,Loyal Customers
1680,2024-04-21,2024-04-21,1,5931.7,348.6,Consumer,South,254,36,2,1,2,212,Lost
1681,2023-08-18,2023-08-18,1,128.32,51.54,Home Office,East,501,71,1,1,1,111,Lost
1682,2024-12-09,2023-08-18,3,6794.349999999999,-545.21,Small Business,East,22,3,4,1,2,412,Promising
1683,2024-11-23,2021-01-29,16,18407.93,4901.25,Consumer,South,38,5,3,4,3,343,Promising
1684,2024-12-05,2021-12-07,13,34379.4,5934.47,Corporate,South,26,3,4,3,4,434,Potential Loyalists
1685,2024-08-26,2021-09-27,2,1579.9,418.78999999999996,Consumer,South,127,18,2,1,1,211,Lost
1686,2024-12-29,2021-01-05,41,111347.22,23819.28,Corporate,South,2,0,5,5,5,555,Champions
1688,2024-12-20,2021-03-17,41,91402.23,22546.7,Corporate,West,11,1,4,5,5,455,Champions
1689,2024-12-06,2021-05-22,20,66424.32,17064.11,Corporate,East,25,3,4,4,5,445,Champions
1690,2024-11-02,2024-01-13,2,1465.78,367.74,Consumer,West,59,8,3,1,1,311,Hibernating
1691,2023-12-22,2021-12-25,3,606.89,230.34,Home Office,East,375,53,1,1,1,111,Lost
1692,2024-10-08,2021-09-21,17,34725.54,7923.76,Home Office,South,84,12,2,4,4,244,Can't Lose
1693,2023-12-21,2021-03-18,12,21064.38,5127.86,Home Office,East,376,53,1,3,3,133,At Risk
1694,2024-11-15,2021-05-24,15,30831.19,7858.91,Consumer,East,46,6,3,3,4,334,Promising
1695,2024-12-26,2021-01-11,71,162025.16,40360.14,Corporate,East,5,0,5,5,5,555,Champions
1696,2024-12-22,2021-01-25,19,37214.87,8202.81,Corporate,East,9,1,5,4,4,544,Champions
1697,2024-08-23,2023-10-02,3,3203.86,926.89,Consumer,East,130,18,2,1,1,211,Lost
1698,2024-12-10,2021-04-06,5,3214.9,1124.99,Consumer,Central,21,3,4,2,1,421,Promising
1699,2024-12-21,2021-01-30,23,90896.14,15254.27,Corporate,West,10,1,5,4,5,545,Champions
1700,2024-12-12,2021-02-14,42,56603.85,16249.43,Home Office,Central,19,2,4,5,4,454,Champions
1701,2024-12-18,2021-04-30,29,43965.17,11874.37,Consumer,South,13,1,4,4,4,444,Champions
1702,2024-06-08,2021-01-29,14,22151.4,5615.87,Home Office,Central,206,29,2,3,3,233,At Risk
1703,2024-12-26,2021-01-01,53,95571.39,21508.64,Corporate,Central,5,0,5,5,5,555,Champions
1704,2024-06-23,2021-01-09,7,9656.58,2998.5099999999998,Home Office,West,191,27,2,2,2,222,Lost
1705,2024-12-26,2021-01-28,31,88730.57,24681.3,Corporate,East,5,0,5,4,5,545,Champions
1706,2024-10-20,2022-11-10,3,5985.27,1905.51,Corporate,West,72,10,3,1,2,312,Hibernating
1707,2024-11-27,2021-04-09,19,55151.42,10632.91,Corporate,South,34,4,3,4,4,344,Loyal Customers
1709,2024-10-27,2023-06-26,2,9694.039999999999,1949.04,Corporate,West,65,9,3,1,2,312,Hibernating
1710,2024-12-16,2021-06-14,26,68114.99,20751.4,Corporate,West,15,2,4,4,5,445,Champions
1711,2024-12-19,2021-04-22,23,59102.91,13999.47,Corporate,South,12,1,4,4,4,444,Champions
1712,2024-10-24,2021-09-21,19,31370.33,6633.650000000001,Home Office,Central,68,9,3,4,4,344,Loyal Customers
1713,2024-11-10,2021-01-01,21,22677.56,4448.12,Consumer,West,51,7,3,4,3,343,Promising
1714,2024-05-07,2022-12-05,2,4093.76,798.75,Corporate,South,238,34,2,1,2,212,Lost
1715,2024-11-17,2021-08-02,13,50881.88,12929.42,Corporate,Central,44,6,3,3,4,334,Promising
1717,2024-09-22,2021-04-14,13,28353.27,7290.72,Corporate,East,100,14,2,3,4,234,At Risk
1718,2024-12-25,2021-02-09,39,83485.85,21312.91,Corporate,East,6,0,5,5,5,555,Champions
1719,2024-11-17,2021-03-25,6,14911.43,3162.16,Small Business,South,44,6,3,2,3,323,Promising
1720,2024-11-21,2021-01-05,30,67160.01,18060.92,Corporate,Central,40,5,3,4,5,345,Loyal Customers
1721,2024-09-16,2021-05-07,10,8563.81,2581.78,Consumer,West,106,15,2,3,2,232,Lost
1722,2024-03-26,2021-04-14,10,11058.220000000001,2417.74,Consumer,Central,280,40,1,3,2,132,Lost
1724,2024-12-05,2021-07-01,12,18146.53,3707.47,Consumer,South,26,3,4,3,3,433,Potential Loyalists
1725,2024-12-29,2021-02-13,112,283929.85,63123.6,Corporate,East,2,0,5,5,5,555,Champions
1726,2024-11-30,2021-01-18,13,27413.15,6448.93,Home Office,South,31,4,3,3,4,334,Promising
1727,2024-05-28,2022-02-07,12,23359.989999999998,7099.929999999999,Home Office,West,217,31,2,3,3,233,At Risk
1728,2024-05-16,2022-05-24,5,3231.75,1060.5,Consumer,West,229,32,2,2,1,221,Lost
1729,2024-09-18,2021-02-04,27,81715.44,18219.46,Corporate,East,104,14,2,4,5,245,Can't Lose
1730,2024-09-16,2021-04-25,15,23106.68,4777.13,Consumer,South,106,15,2,3,3,233,At Risk
1731,2024-12-29,2021-03-23,27,62906.08,17690.5,Small Business,East,2,0,5,4,4,544,Champions
1732,2021-11-01,2021-11-01,1,409.83,143.43,Consumer,East,1156,165,1,1,1,111,Lost
1733,2023-11-28,2023-04-14,2,13712.63,3083.16,Corporate,Central,399,57,1,1,3,113,Lost
1734,2024-08-20,2024-02-07,2,848.31,244.67999999999998,Consumer,West,133,19,2,1,1,211,Lost
1735,2024-12-28,2021-01-16,123,271066.99,62488.97,Corporate,West,3,0,5,5,5,555,Champions
1736,2024-02-26,2021-05-01,4,19103.67,1227.7099999999998,Corporate,East,309,44,1,2,3,123,Lost
1737,2024-10-21,2021-10-03,12,11623.77,3093.15,Home Office,South,71,10,3,3,2,332,Promising
1738,2024-12-25,2022-02-22,14,18627.81,3781.3199999999997,Consumer,West,6,0,5,3,3,533,Potential Loyalists
1739,2024-07-10,2024-07-10,1,1147.5,324.49,Small Business,East,174,24,2,1,1,211,Lost
1740,2024-12-29,2021-06-15,28,73592.52,16095.32,Corporate,West,2,0,5,4,5,545,Champions
1741,2022-08-27,2021-08-03,3,2045.0500000000002,708.72,Home Office,East,857,122,1,1,1,111,Lost
1742,2024-08-30,2021-08-31,6,11123.01,2902.2200000000003,Home Office,West,123,17,2,2,2,222,Lost
1743,2024-12-28,2021-04-29,22,41534.75,12803.36,Small Business,East,3,0,5,4,4,544,Champions
1744,2024-12-24,2021-05-04,18,17655.62,5023.95,Consumer,East,7,1,5,4,3,543,Potential Loyalists
1745,2024-12-24,2021-08-16,5,6325.48,1953.6999999999998,Consumer,West,7,1,5,2,2,522,Promising
1746,2023-12-10,2021-07-09,2,509.43,133.89000000000001,Consumer,South,387,55,1,1,1,111,Lost
1747,2024-11-27,2021-01-18,3,4180.55,1574.04,Consumer,East,34,4,3,1,2,312,Hibernating
1748,2024-09-30,2021-04-03,8,18901.99,3450.7799999999997,Corporate,East,92,13,2,2,3,223,Lost
1749,2024-12-29,2021-08-03,13,30025.35,7056.570000000001,Small Business,South,2,0,5,3,4,534,Potential Loyalists
1750,2023-11-14,2023-11-14,1,1372.72,519.1800000000001,Small Business,South,413,59,1,1,1,111,Lost
1751,2024-12-30,2021-01-07,85,207548.13,47509.67,Corporate,Central,1,0,5,5,5,555,Champions
1752,2024-12-08,2021-02-16,24,54572.78,14176.34,Corporate,East,23,3,4,4,4,444,Champions
1753,2024-12-24,2021-05-10,32,37370.55,11953.99,Small Business,West,7,1,5,5,4,554,Champions
1754,2024-10-10,2021-02-24,32,72442.89,18262.64,Small Business,East,82,11,2,5,5,255,Can't Lose
1756,2024-12-30,2021-02-25,90,211007.0,50916.54,Corporate,West,1,0,5,5,5,555,Champions
1757,2024-01-25,2022-09-03,3,3050.84,705.29,Home Office,West,341,48,1,1,1,111,Lost
1758,2024-05-09,2021-04-26,2,1614.81,484.24,Consumer,West,236,33,2,1,1,211,Lost
1759,2024-11-07,2021-01-23,22,52156.79,11883.289999999999,Corporate,Central,54,7,3,4,4,344,Loyal Customers
1760,2024-12-16,2021-08-03,10,28681.7,5938.47,Small Business,West,15,2,4,3,4,434,Potential Loyalists
1761,2024-12-17,2021-03-25,53,110444.82,28264.81,Small Business,West,14,2,4,5,5,455,Champions
1762,2024-10-26,2021-01-10,6,10535.08,3009.81,Small Business,South,66,9,3,2,2,322,Hibernating
1763,2024-08-16,2021-08-12,10,14446.85,3333.64,Home Office,South,137,19,2,3,3,233,At Risk
1764,2023-12-22,2023-12-22,1,68.97,14.43,Consumer,West,375,53,1,1,1,111,Lost
1765,2024-12-05,2021-01-23,11,9889.29,3460.71,Consumer,West,26,3,4,3,2,432,Potential Loyalists
1766,2024-12-31,2021-01-09,24,59295.8,16707.93,Corporate,West,0,0,5,4,4,544,Champions
1767,2024-12-27,2021-04-14,8,20219.21,5909.72,Corporate,East,4,0,5,2,3,523,Potential Loyalists
1768,2024-09-04,2021-01-01,11,22516.579999999998,4178.98,Corporate,Central,118,16,2,3,3,233,At Risk
1769,2024-12-27,2021-04-06,23,62950.82,15563.58,Corporate,East,4,0,5,4,4,544,Champions
1770,2024-12-30,2021-01-27,58,160540.41,38602.71,Corporate,West,1,0,5,5,5,555,Champions
1771,2024-11-12,2022-01-04,3,7326.21,2197.9300000000003,Home Office,West,49,7,3,1,2,312,Hibernating
1772,2024-03-23,2022-09-26,4,7657.35,941.64,Consumer,East,283,40,1,2,2,122,Lost
1774,2024-12-27,2021-01-08,11,8810.640000000001,2437.59,Consumer,West,4,0,5,3,2,532,Potential Loyalists
1775,2023-07-18,2023-07-18,1,978.62,423.47,Consumer,South,532,76,1,1,1,111,Lost
1776,2024-12-30,2021-01-28,51,87693.1,24285.05,Small Business,Central,1,0,5,5,5,555,Champions
1777,2024-12-15,2021-08-23,9,21108.37,4738.320000000001,Corporate,West,16,2,4,3,3,433,Potential Loyalists
1779,2024-11-29,2021-01-27,25,28760.07,6916.72,Home Office,Central,32,4,3,4,4,344,Loyal Customers
1780,2024-12-29,2021-01-24,115,284195.86,69883.84,Corporate,East,2,0,5,5,5,555,Champions
1781,2022-03-21,2022-03-21,1,1327.9,549.63,Consumer,West,1016,145,1,1,1,111,Lost
1782,2024-11-29,2021-02-09,18,22272.57,4718.16,Consumer,Central,32,4,3,4,3,343,Promising
1783,2024-11-15,2021-02-23,5,2409.17,560.88,Consumer,West,46,6,3,2,1,321,Hibernating
1784,2023-02-10,2021-08-26,3,2804.87,875.8,Home Office,West,690,98,1,1,1,111,Lost
1785,2024-06-28,2023-01-22,4,7242.99,2460.37,Consumer,East,186,26,2,2,2,222,Lost
1786,2024-12-22,2021-02-20,35,32475.5,7683.13,Consumer,East,9,1,5,5,4,554,Champions
1787,2024-12-17,2021-01-11,18,35086.92,6625.27,Consumer,West,14,2,4,4,4,444,Champions
1788,2024-12-26,2021-01-24,201,504386.68,124873.45,Corporate,South,5,0,5,5,5,555,Champions
1789,2024-08-18,2021-11-02,14,15602.279999999999,4644.18,Consumer,East,135,19,2,3,3,233,At Risk
1790,2024-12-25,2021-12-07,6,9816.96,2821.93,Home Office,West,6,0,5,2,2,522,Promising
1791,2024-12-31,2021-09-05,12,18291.38,5822.89,Consumer,Central,0,0,5,3,3,533,Potential Loyalists
1793,2024-12-21,2021-01-09,32,92232.5,20020.1,Corporate,East,10,1,5,5,5,555,Champions
1794,2024-10-29,2021-12-04,15,30348.01,7890.37,Corporate,West,63,9,3,3,4,334,Promising
1795,2024-12-19,2021-10-03,18,24310.84,6676.98,Consumer,Central,12,1,4,4,3,443,Potential Loyalists
1796,2024-12-28,2021-03-15,23,24839.920000000002,5438.55,Home Office,West,3,0,5,4,3,543,Potential Loyalists
1797,2024-12-21,2021-02-18,28,66863.34,13477.48,Small Business,Central,10,1,5,4,5,545,Champions
1798,2024-11-22,2021-04-17,20,19220.440000000002,4332.33,Consumer,South,39,5,3,4,3,343,Promising
1799,2024-11-12,2021-01-03,25,20049.489999999998,6914.74,Consumer,Central,49,7,3,4,3,343,Promising
1800,2024-10-18,2021-08-04,10,26624.870000000003,3974.0,Small Business,South,74,10,3,3,4,334,Promising
